PLOT_ID,SAMPLE_ID,LON,LAT,FLAGGED,ANALYSES,USER_ID,COLLECTION_TIME,ANALYSIS_DURATION,IMAGERY_TITLE,PL_PLOTID,PL_PACKETID,PL_ORIGID,PL_COUNTRY,PL_STRATUM,LAND COVER,UNDERSTORY PRESENT?,UNDERSTORY COVER,LAND USE,LAND USE YEAR 2000
6991140,134030524,105.77774713176845,12.4968833725933823,false,1,ryanjthomas@fs.fed.us,2019-05-13 20:09:40.110284,417.9,BingAerial,1162964,11630,1175,Cambodia,1,Other Tree,No,,Natural Forest,Natural Forest
6991140,134030525,105.77774713176845,12.4970149273898858,false,1,ryanjthomas@fs.fed.us,2019-05-13 20:09:40.110284,417.9,BingAerial,1162964,11630,1175,Cambodia,1,Other Tree,No,,Natural Forest,Natural Forest
6991140,134030526,105.77788187906107,12.4967518177299226,false,1,ryanjthomas@fs.fed.us,2019-05-13 20:09:40.110284,417.9,BingAerial,1162964,11630,1175,Cambodia,1,Other Tree,No,,Natural Forest,Natural Forest
6991140,134030527,105.77788187906107,12.4968833725933823,false,1,ryanjthomas@fs.fed.us,2019-05-13 20:09:40.110284,417.9,BingAerial,1162964,11630,1175,Cambodia,1,Other Tree,No,,Natural Forest,Natural Forest
6991140,134030528,105.77788187906107,12.4970149273898858,false,1,ryanjthomas@fs.fed.us,2019-05-13 20:09:40.110284,417.9,BingAerial,1162964,11630,1175,Cambodia,1,Other Tree,No,,Natural Forest,Natural Forest
6991140,134030529,105.77788187906107,12.4971464821194438,false,1,ryanjthomas@fs.fed.us,2019-05-13 20:09:40.110284,417.9,BingAerial,1162964,11630,1175,Cambodia,1,Other Tree,No,,Natural Forest,Natural Forest
6991140,134030530,105.77801662635369,12.4966202627995191,false,1,ryanjthomas@fs.fed.us,2019-05-13 20:09:40.110284,417.9,BingAerial,1162964,11630,1175,Cambodia,1,Other Tree,No,,Natural Forest,Natural Forest
6991140,134030531,105.77801662635369,12.4967518177299226,false,1,ryanjthomas@fs.fed.us,2019-05-13 20:09:40.110284,417.9,BingAerial,1162964,11630,1175,Cambodia,1,Other Tree,No,,Natural Forest,Natural Forest
6991140,134030532,105.77801662635369,12.4968833725933823,false,1,ryanjthomas@fs.fed.us,2019-05-13 20:09:40.110284,417.9,BingAerial,1162964,11630,1175,Cambodia,1,Other Tree,No,,Natural Forest,Natural Forest
6991140,134030533,105.77801662635369,12.4970149273898858,false,1,ryanjthomas@fs.fed.us,2019-05-13 20:09:40.110284,417.9,BingAerial,1162964,11630,1175,Cambodia,1,Other Tree,No,,Natural Forest,Natural Forest
6991140,134030534,105.77801662635369,12.4971464821194438,false,1,ryanjthomas@fs.fed.us,2019-05-13 20:09:40.110284,417.9,BingAerial,1162964,11630,1175,Cambodia,1,Other Tree,No,,Natural Forest,Natural Forest
6991140,134030535,105.77801662635369,12.497278036782058,false,1,ryanjthomas@fs.fed.us,2019-05-13 20:09:40.110284,417.9,BingAerial,1162964,11630,1175,Cambodia,1,Other Tree,No,,Natural Forest,Natural Forest
6991140,134030536,105.77815137364631,12.4966202627995191,false,1,ryanjthomas@fs.fed.us,2019-05-13 20:09:40.110284,417.9,BingAerial,1162964,11630,1175,Cambodia,1,Other Tree,No,,Natural Forest,Natural Forest
6991140,134030537,105.77815137364631,12.4967518177299226,false,1,ryanjthomas@fs.fed.us,2019-05-13 20:09:40.110284,417.9,BingAerial,1162964,11630,1175,Cambodia,1,Other Tree,No,,Natural Forest,Natural Forest
6991140,134030538,105.77815137364631,12.4968833725933823,false,1,ryanjthomas@fs.fed.us,2019-05-13 20:09:40.110284,417.9,BingAerial,1162964,11630,1175,Cambodia,1,Other Tree,No,,Natural Forest,Natural Forest
6991140,134030539,105.77815137364631,12.4970149273898858,false,1,ryanjthomas@fs.fed.us,2019-05-13 20:09:40.110284,417.9,BingAerial,1162964,11630,1175,Cambodia,1,Other Tree,No,,Natural Forest,Natural Forest
6991140,134030540,105.77815137364631,12.4971464821194438,false,1,ryanjthomas@fs.fed.us,2019-05-13 20:09:40.110284,417.9,BingAerial,1162964,11630,1175,Cambodia,1,Other Tree,No,,Natural Forest,Natural Forest
6991140,134030541,105.77815137364631,12.497278036782058,false,1,ryanjthomas@fs.fed.us,2019-05-13 20:09:40.110284,417.9,BingAerial,1162964,11630,1175,Cambodia,1,Other Tree,No,,Natural Forest,Natural Forest
6991140,134030542,105.77828612093893,12.4967518177299226,false,1,ryanjthomas@fs.fed.us,2019-05-13 20:09:40.110284,417.9,BingAerial,1162964,11630,1175,Cambodia,1,Other Tree,No,,Natural Forest,Natural Forest
6991140,134030543,105.77828612093893,12.4968833725933823,false,1,ryanjthomas@fs.fed.us,2019-05-13 20:09:40.110284,417.9,BingAerial,1162964,11630,1175,Cambodia,1,Other Tree,No,,Natural Forest,Natural Forest
6991140,134030544,105.77828612093893,12.4970149273898858,false,1,ryanjthomas@fs.fed.us,2019-05-13 20:09:40.110284,417.9,BingAerial,1162964,11630,1175,Cambodia,1,Other Tree,No,,Natural Forest,Natural Forest
6991140,134030545,105.77828612093893,12.4971464821194438,false,1,ryanjthomas@fs.fed.us,2019-05-13 20:09:40.110284,417.9,BingAerial,1162964,11630,1175,Cambodia,1,Other Tree,No,,Natural Forest,Natural Forest
6991140,134030546,105.778420868231535,12.4968833725933823,false,1,ryanjthomas@fs.fed.us,2019-05-13 20:09:40.110284,417.9,BingAerial,1162964,11630,1175,Cambodia,1,Other Tree,No,,Natural Forest,Natural Forest
6991140,134030547,105.778420868231535,12.4970149273898858,false,1,ryanjthomas@fs.fed.us,2019-05-13 20:09:40.110284,417.9,BingAerial,1162964,11630,1175,Cambodia,1,Other Tree,No,,Natural Forest,Natural Forest
6991141,134030548,105.951185631768453,12.1065190247934531,false,1,ryanjthomas@fs.fed.us,2019-05-13 20:15:59.265844,419.4,BingAerial,1162968,11630,1176,Cambodia,1,Herbaceous,No,,Other,Other
6991141,134030549,105.951185631768453,12.1066507751902908,false,1,ryanjthomas@fs.fed.us,2019-05-13 20:15:59.265844,419.4,BingAerial,1162968,11630,1176,Cambodia,1,Other Tree,No,,Other,Other
6991141,134030550,105.951320379061073,12.1063872743316185,false,1,ryanjthomas@fs.fed.us,2019-05-13 20:15:59.265844,419.4,BingAerial,1162968,11630,1176,Cambodia,1,Herbaceous,No,,Other,Other
6991141,134030551,105.951320379061073,12.1065190247934531,false,1,ryanjthomas@fs.fed.us,2019-05-13 20:15:59.265844,419.4,BingAerial,1162968,11630,1176,Cambodia,1,Herbaceous,No,,Other,Other
6991141,134030552,105.951320379061073,12.1066507751902908,false,1,ryanjthomas@fs.fed.us,2019-05-13 20:15:59.265844,419.4,BingAerial,1162968,11630,1176,Cambodia,1,Herbaceous,No,,Other,Other
6991141,134030553,105.951320379061073,12.1067825255221422,false,1,ryanjthomas@fs.fed.us,2019-05-13 20:15:59.265844,419.4,BingAerial,1162968,11630,1176,Cambodia,1,Other Shrub,No,,Other,Other
6991141,134030554,105.951455126353679,12.1062555238048102,false,1,ryanjthomas@fs.fed.us,2019-05-13 20:15:59.265844,419.4,BingAerial,1162968,11630,1176,Cambodia,1,Herbaceous,No,,Other,Other
6991141,134030555,105.951455126353679,12.1063872743316185,false,1,ryanjthomas@fs.fed.us,2019-05-13 20:15:59.265844,419.4,BingAerial,1162968,11630,1176,Cambodia,1,Herbaceous,No,,Other,Other
6991141,134030556,105.951455126353679,12.1065190247934531,false,1,ryanjthomas@fs.fed.us,2019-05-13 20:15:59.265844,419.4,BingAerial,1162968,11630,1176,Cambodia,1,Herbaceous,No,,Other,Other
6991141,134030557,105.951455126353679,12.1066507751902908,false,1,ryanjthomas@fs.fed.us,2019-05-13 20:15:59.265844,419.4,BingAerial,1162968,11630,1176,Cambodia,1,Herbaceous,No,,Other,Other
6991141,134030558,105.951455126353679,12.1067825255221422,false,1,ryanjthomas@fs.fed.us,2019-05-13 20:15:59.265844,419.4,BingAerial,1162968,11630,1176,Cambodia,1,Herbaceous,No,,Other,Other
6991141,134030559,105.951455126353679,12.1069142757890216,false,1,ryanjthomas@fs.fed.us,2019-05-13 20:15:59.265844,419.4,BingAerial,1162968,11630,1176,Cambodia,1,Herbaceous,No,,Other,Other
6991141,134030560,105.951589873646313,12.1062555238048102,false,1,ryanjthomas@fs.fed.us,2019-05-13 20:15:59.265844,419.4,BingAerial,1162968,11630,1176,Cambodia,1,Herbaceous,No,,Other,Other
6991141,134030561,105.951589873646313,12.1063872743316185,false,1,ryanjthomas@fs.fed.us,2019-05-13 20:15:59.265844,419.4,BingAerial,1162968,11630,1176,Cambodia,1,Herbaceous,No,,Other,Other
6991141,134030562,105.951589873646313,12.1065190247934531,false,1,ryanjthomas@fs.fed.us,2019-05-13 20:15:59.265844,419.4,BingAerial,1162968,11630,1176,Cambodia,1,Herbaceous,No,,Other,Other
6991141,134030563,105.951589873646313,12.1066507751902908,false,1,ryanjthomas@fs.fed.us,2019-05-13 20:15:59.265844,419.4,BingAerial,1162968,11630,1176,Cambodia,1,Other Tree,No,,Other,Other
6991141,134030564,105.951589873646313,12.1067825255221422,false,1,ryanjthomas@fs.fed.us,2019-05-13 20:15:59.265844,419.4,BingAerial,1162968,11630,1176,Cambodia,1,Herbaceous,No,,Other,Other
6991141,134030565,105.951589873646313,12.1069142757890216,false,1,ryanjthomas@fs.fed.us,2019-05-13 20:15:59.265844,419.4,BingAerial,1162968,11630,1176,Cambodia,1,Herbaceous,No,,Other,Other
6991141,134030566,105.951724620938919,12.1063872743316185,false,1,ryanjthomas@fs.fed.us,2019-05-13 20:15:59.265844,419.4,BingAerial,1162968,11630,1176,Cambodia,1,Herbaceous,No,,Other,Other
6991141,134030567,105.951724620938919,12.1065190247934531,false,1,ryanjthomas@fs.fed.us,2019-05-13 20:15:59.265844,419.4,BingAerial,1162968,11630,1176,Cambodia,1,Herbaceous,No,,Other,Other
6991141,134030568,105.951724620938919,12.1066507751902908,false,1,ryanjthomas@fs.fed.us,2019-05-13 20:15:59.265844,419.4,BingAerial,1162968,11630,1176,Cambodia,1,Herbaceous,No,,Other,Other
6991141,134030569,105.951724620938919,12.1067825255221422,false,1,ryanjthomas@fs.fed.us,2019-05-13 20:15:59.265844,419.4,BingAerial,1162968,11630,1176,Cambodia,1,Herbaceous,No,,Other,Other
6991141,134030570,105.951859368231538,12.1065190247934531,false,1,ryanjthomas@fs.fed.us,2019-05-13 20:15:59.265844,419.4,BingAerial,1162968,11630,1176,Cambodia,1,Other Tree,No,,Other,Other
6991141,134030571,105.951859368231538,12.1066507751902908,false,1,ryanjthomas@fs.fed.us,2019-05-13 20:15:59.265844,419.4,BingAerial,1162968,11630,1176,Cambodia,1,Herbaceous,No,,Other,Other
6991142,134030572,105.423816931768457,12.5076637453375774,false,1,ryanjthomas@fs.fed.us,2019-05-13 20:19:35.030929,256.1,BingAerial,1162969,11630,1177,Cambodia,1,Herbaceous,No,,Other,Other
6991142,134030573,105.423816931768457,12.5077952946456641,false,1,ryanjthomas@fs.fed.us,2019-05-13 20:19:35.030929,256.1,BingAerial,1162969,11630,1177,Cambodia,1,Herbaceous,No,,Other,Other
6991142,134030574,105.423951679061076,12.5075321959624954,false,1,ryanjthomas@fs.fed.us,2019-05-13 20:19:35.030929,256.1,BingAerial,1162969,11630,1177,Cambodia,1,Other Shrub,No,,Other,Other
6991142,134030575,105.423951679061076,12.5076637453375774,false,1,ryanjthomas@fs.fed.us,2019-05-13 20:19:35.030929,256.1,BingAerial,1162969,11630,1177,Cambodia,1,Herbaceous,No,,Other,Other
6991142,134030576,105.423951679061076,12.5077952946456641,false,1,ryanjthomas@fs.fed.us,2019-05-13 20:19:35.030929,256.1,BingAerial,1162969,11630,1177,Cambodia,1,Other Tree,No,,Other,Other
6991142,134030577,105.423951679061076,12.507926843886743,false,1,ryanjthomas@fs.fed.us,2019-05-13 20:19:35.030929,256.1,BingAerial,1162969,11630,1177,Cambodia,1,Herbaceous,No,,Other,Other
6991142,134030578,105.424086426353696,12.5074006465204182,false,1,ryanjthomas@fs.fed.us,2019-05-13 20:19:35.030929,256.1,BingAerial,1162969,11630,1177,Cambodia,1,Herbaceous,No,,Other,Other
6991142,134030579,105.424086426353696,12.5075321959624954,false,1,ryanjthomas@fs.fed.us,2019-05-13 20:19:35.030929,256.1,BingAerial,1162969,11630,1177,Cambodia,1,Herbaceous,No,,Other,Other
6991142,134030580,105.424086426353696,12.5076637453375774,false,1,ryanjthomas@fs.fed.us,2019-05-13 20:19:35.030929,256.1,BingAerial,1162969,11630,1177,Cambodia,1,Herbaceous,No,,Other,Other
6991142,134030581,105.424086426353696,12.5077952946456641,false,1,ryanjthomas@fs.fed.us,2019-05-13 20:19:35.030929,256.1,BingAerial,1162969,11630,1177,Cambodia,1,Herbaceous,No,,Other,Other
6991142,134030582,105.424086426353696,12.507926843886743,false,1,ryanjthomas@fs.fed.us,2019-05-13 20:19:35.030929,256.1,BingAerial,1162969,11630,1177,Cambodia,1,Other Shrub,No,,Other,Other
6991142,134030583,105.424086426353696,12.5080583930608267,false,1,ryanjthomas@fs.fed.us,2019-05-13 20:19:35.030929,256.1,BingAerial,1162969,11630,1177,Cambodia,1,Herbaceous,No,,Other,Other
6991142,134030584,105.424221173646316,12.5074006465204182,false,1,ryanjthomas@fs.fed.us,2019-05-13 20:19:35.030929,256.1,BingAerial,1162969,11630,1177,Cambodia,1,Herbaceous,No,,Other,Other
6991142,134030585,105.424221173646316,12.5075321959624954,false,1,ryanjthomas@fs.fed.us,2019-05-13 20:19:35.030929,256.1,BingAerial,1162969,11630,1177,Cambodia,1,Herbaceous,No,,Other,Other
6991142,134030586,105.424221173646316,12.5076637453375774,false,1,ryanjthomas@fs.fed.us,2019-05-13 20:19:35.030929,256.1,BingAerial,1162969,11630,1177,Cambodia,1,Herbaceous,No,,Other,Other
6991142,134030587,105.424221173646316,12.5077952946456641,false,1,ryanjthomas@fs.fed.us,2019-05-13 20:19:35.030929,256.1,BingAerial,1162969,11630,1177,Cambodia,1,Herbaceous,No,,Other,Other
6991142,134030588,105.424221173646316,12.507926843886743,false,1,ryanjthomas@fs.fed.us,2019-05-13 20:19:35.030929,256.1,BingAerial,1162969,11630,1177,Cambodia,1,Other Shrub,No,,Other,Other
6991142,134030589,105.424221173646316,12.5080583930608267,false,1,ryanjthomas@fs.fed.us,2019-05-13 20:19:35.030929,256.1,BingAerial,1162969,11630,1177,Cambodia,1,Herbaceous,No,,Other,Other
6991142,134030590,105.424355920938936,12.5075321959624954,false,1,ryanjthomas@fs.fed.us,2019-05-13 20:19:35.030929,256.1,BingAerial,1162969,11630,1177,Cambodia,1,Other Tree,No,,Other,Other
6991142,134030591,105.424355920938936,12.5076637453375774,false,1,ryanjthomas@fs.fed.us,2019-05-13 20:19:35.030929,256.1,BingAerial,1162969,11630,1177,Cambodia,1,Herbaceous,No,,Other,Other
6991142,134030592,105.424355920938936,12.5077952946456641,false,1,ryanjthomas@fs.fed.us,2019-05-13 20:19:35.030929,256.1,BingAerial,1162969,11630,1177,Cambodia,1,Herbaceous,No,,Other,Other
6991142,134030593,105.424355920938936,12.507926843886743,false,1,ryanjthomas@fs.fed.us,2019-05-13 20:19:35.030929,256.1,BingAerial,1162969,11630,1177,Cambodia,1,Herbaceous,No,,Other,Other
6991142,134030594,105.424490668231556,12.5076637453375774,false,1,ryanjthomas@fs.fed.us,2019-05-13 20:19:35.030929,256.1,BingAerial,1162969,11630,1177,Cambodia,1,Herbaceous,No,,Other,Other
6991142,134030595,105.424490668231556,12.5077952946456641,false,1,ryanjthomas@fs.fed.us,2019-05-13 20:19:35.030929,256.1,BingAerial,1162969,11630,1177,Cambodia,1,Herbaceous,No,,Other,Other
6991143,134030596,106.709442431768451,13.3978579399672686,false,1,ryanjthomas@fs.fed.us,2019-05-13 20:23:28.448966,273.8,BingAerial,1162973,11630,1178,Cambodia,1,Other Tree,No,,Natural Forest,Natural Forest
6991143,134030597,106.709442431768451,13.3979890200148422,false,1,ryanjthomas@fs.fed.us,2019-05-13 20:23:28.448966,273.8,BingAerial,1162973,11630,1178,Cambodia,1,Other Tree,No,,Natural Forest,Natural Forest
6991143,134030598,106.709577179061085,13.3977268598482731,false,1,ryanjthomas@fs.fed.us,2019-05-13 20:23:28.448966,273.8,BingAerial,1162973,11630,1178,Cambodia,1,Other Tree,No,,Natural Forest,Natural Forest
6991143,134030599,106.709577179061085,13.3978579399672686,false,1,ryanjthomas@fs.fed.us,2019-05-13 20:23:28.448966,273.8,BingAerial,1162973,11630,1178,Cambodia,1,Other Tree,No,,Natural Forest,Natural Forest
6991143,134030600,106.709577179061085,13.3979890200148422,false,1,ryanjthomas@fs.fed.us,2019-05-13 20:23:28.448966,273.8,BingAerial,1162973,11630,1178,Cambodia,1,Other Tree,No,,Natural Forest,Natural Forest
6991143,134030601,106.709577179061085,13.3981200999909937,false,1,ryanjthomas@fs.fed.us,2019-05-13 20:23:28.448966,273.8,BingAerial,1162973,11630,1178,Cambodia,1,Other Tree,No,,Natural Forest,Natural Forest
6991143,134030602,106.709711926353691,13.3975957796578289,false,1,ryanjthomas@fs.fed.us,2019-05-13 20:23:28.448966,273.8,BingAerial,1162973,11630,1178,Cambodia,1,Other Tree,No,,Natural Forest,Natural Forest
6991143,134030603,106.709711926353691,13.3977268598482731,false,1,ryanjthomas@fs.fed.us,2019-05-13 20:23:28.448966,273.8,BingAerial,1162973,11630,1178,Cambodia,1,Other Tree,No,,Natural Forest,Natural Forest
6991143,134030604,106.709711926353691,13.3978579399672686,false,1,ryanjthomas@fs.fed.us,2019-05-13 20:23:28.448966,273.8,BingAerial,1162973,11630,1178,Cambodia,1,Other Tree,No,,Natural Forest,Natural Forest
6991143,134030605,106.709711926353691,13.3979890200148422,false,1,ryanjthomas@fs.fed.us,2019-05-13 20:23:28.448966,273.8,BingAerial,1162973,11630,1178,Cambodia,1,Other Tree,No,,Natural Forest,Natural Forest
6991143,134030606,106.709711926353691,13.3981200999909937,false,1,ryanjthomas@fs.fed.us,2019-05-13 20:23:28.448966,273.8,BingAerial,1162973,11630,1178,Cambodia,1,Other Tree,No,,Natural Forest,Natural Forest
6991143,134030607,106.709711926353691,13.3982511798957091,false,1,ryanjthomas@fs.fed.us,2019-05-13 20:23:28.448966,273.8,BingAerial,1162973,11630,1178,Cambodia,1,Other Tree,No,,Natural Forest,Natural Forest
6991143,134030608,106.709846673646311,13.3975957796578289,false,1,ryanjthomas@fs.fed.us,2019-05-13 20:23:28.448966,273.8,BingAerial,1162973,11630,1178,Cambodia,1,Other Tree,No,,Natural Forest,Natural Forest
6991143,134030609,106.709846673646311,13.3977268598482731,false,1,ryanjthomas@fs.fed.us,2019-05-13 20:23:28.448966,273.8,BingAerial,1162973,11630,1178,Cambodia,1,Other Tree,No,,Natural Forest,Natural Forest
6991143,134030610,106.709846673646311,13.3978579399672686,false,1,ryanjthomas@fs.fed.us,2019-05-13 20:23:28.448966,273.8,BingAerial,1162973,11630,1178,Cambodia,1,Other Tree,No,,Natural Forest,Natural Forest
6991143,134030611,106.709846673646311,13.3979890200148422,false,1,ryanjthomas@fs.fed.us,2019-05-13 20:23:28.448966,273.8,BingAerial,1162973,11630,1178,Cambodia,1,Other Tree,No,,Natural Forest,Natural Forest
6991143,134030612,106.709846673646311,13.3981200999909937,false,1,ryanjthomas@fs.fed.us,2019-05-13 20:23:28.448966,273.8,BingAerial,1162973,11630,1178,Cambodia,1,Other Tree,No,,Natural Forest,Natural Forest
6991143,134030613,106.709846673646311,13.3982511798957091,false,1,ryanjthomas@fs.fed.us,2019-05-13 20:23:28.448966,273.8,BingAerial,1162973,11630,1178,Cambodia,1,Other Tree,No,,Natural Forest,Natural Forest
6991143,134030614,106.709981420938917,13.3977268598482731,false,1,ryanjthomas@fs.fed.us,2019-05-13 20:23:28.448966,273.8,BingAerial,1162973,11630,1178,Cambodia,1,Other Tree,No,,Natural Forest,Natural Forest
6991143,134030615,106.709981420938917,13.3978579399672686,false,1,ryanjthomas@fs.fed.us,2019-05-13 20:23:28.448966,273.8,BingAerial,1162973,11630,1178,Cambodia,1,Other Tree,No,,Natural Forest,Natural Forest
6991143,134030616,106.709981420938917,13.3979890200148422,false,1,ryanjthomas@fs.fed.us,2019-05-13 20:23:28.448966,273.8,BingAerial,1162973,11630,1178,Cambodia,1,Other Tree,No,,Natural Forest,Natural Forest
6991143,134030617,106.709981420938917,13.3981200999909937,false,1,ryanjthomas@fs.fed.us,2019-05-13 20:23:28.448966,273.8,BingAerial,1162973,11630,1178,Cambodia,1,Other Tree,No,,Natural Forest,Natural Forest
6991143,134030618,106.710116168231551,13.3978579399672686,false,1,ryanjthomas@fs.fed.us,2019-05-13 20:23:28.448966,273.8,BingAerial,1162973,11630,1178,Cambodia,1,Other Tree,No,,Natural Forest,Natural Forest
6991143,134030619,106.710116168231551,13.3979890200148422,false,1,ryanjthomas@fs.fed.us,2019-05-13 20:23:28.448966,273.8,BingAerial,1162973,11630,1178,Cambodia,1,Other Tree,No,,Natural Forest,Natural Forest
6991144,134030620,104.024959431768451,13.7239639198819159,false,1,ryanjthomas@fs.fed.us,2019-05-13 20:26:06.199041,198.1,BingAerial,1162974,11630,1179,Cambodia,1,Herbaceous,No,,Other,Other
6991144,134030621,104.024959431768451,13.7240948200998076,false,1,ryanjthomas@fs.fed.us,2019-05-13 20:26:06.199041,198.1,BingAerial,1162974,11630,1179,Cambodia,1,Other Tree,No,,Other,Other
6991144,134030622,104.025094179061057,13.7238330195910105,false,1,ryanjthomas@fs.fed.us,2019-05-13 20:26:06.199041,198.1,BingAerial,1162974,11630,1179,Cambodia,1,Herbaceous,No,,Other,Other
6991144,134030623,104.025094179061057,13.7239639198819159,false,1,ryanjthomas@fs.fed.us,2019-05-13 20:26:06.199041,198.1,BingAerial,1162974,11630,1179,Cambodia,1,Herbaceous,No,,Other,Other
6991144,134030624,104.025094179061057,13.7240948200998076,false,1,ryanjthomas@fs.fed.us,2019-05-13 20:26:06.199041,198.1,BingAerial,1162974,11630,1179,Cambodia,1,Herbaceous,No,,Other,Other
6991144,134030625,104.025094179061057,13.7242257202446485,false,1,ryanjthomas@fs.fed.us,2019-05-13 20:26:06.199041,198.1,BingAerial,1162974,11630,1179,Cambodia,1,Herbaceous,No,,Other,Other
6991144,134030626,104.025228926353677,13.7237021192270543,false,1,ryanjthomas@fs.fed.us,2019-05-13 20:26:06.199041,198.1,BingAerial,1162974,11630,1179,Cambodia,1,Herbaceous,No,,Other,Other
6991144,134030627,104.025228926353677,13.7238330195910105,false,1,ryanjthomas@fs.fed.us,2019-05-13 20:26:06.199041,198.1,BingAerial,1162974,11630,1179,Cambodia,1,Herbaceous,No,,Other,Other
6991144,134030628,104.025228926353677,13.7239639198819159,false,1,ryanjthomas@fs.fed.us,2019-05-13 20:26:06.199041,198.1,BingAerial,1162974,11630,1179,Cambodia,1,Herbaceous,No,,Other,Other
6991144,134030629,104.025228926353677,13.7240948200998076,false,1,ryanjthomas@fs.fed.us,2019-05-13 20:26:06.199041,198.1,BingAerial,1162974,11630,1179,Cambodia,1,Herbaceous,No,,Other,Other
6991144,134030630,104.025228926353677,13.7242257202446485,false,1,ryanjthomas@fs.fed.us,2019-05-13 20:26:06.199041,198.1,BingAerial,1162974,11630,1179,Cambodia,1,Other Shrub,No,,Other,Other
6991144,134030631,104.025228926353677,13.7243566203164633,false,1,ryanjthomas@fs.fed.us,2019-05-13 20:26:06.199041,198.1,BingAerial,1162974,11630,1179,Cambodia,1,Herbaceous,No,,Other,Other
6991144,134030632,104.025363673646311,13.7237021192270543,false,1,ryanjthomas@fs.fed.us,2019-05-13 20:26:06.199041,198.1,BingAerial,1162974,11630,1179,Cambodia,1,Herbaceous,No,,Other,Other
6991144,134030633,104.025363673646311,13.7238330195910105,false,1,ryanjthomas@fs.fed.us,2019-05-13 20:26:06.199041,198.1,BingAerial,1162974,11630,1179,Cambodia,1,Herbaceous,No,,Other,Other
6991144,134030634,104.025363673646311,13.7239639198819159,false,1,ryanjthomas@fs.fed.us,2019-05-13 20:26:06.199041,198.1,BingAerial,1162974,11630,1179,Cambodia,1,Herbaceous,No,,Other,Other
6991144,134030635,104.025363673646311,13.7240948200998076,false,1,ryanjthomas@fs.fed.us,2019-05-13 20:26:06.199041,198.1,BingAerial,1162974,11630,1179,Cambodia,1,Herbaceous,No,,Other,Other
6991144,134030636,104.025363673646311,13.7242257202446485,false,1,ryanjthomas@fs.fed.us,2019-05-13 20:26:06.199041,198.1,BingAerial,1162974,11630,1179,Cambodia,1,Herbaceous,No,,Other,Other
6991144,134030637,104.025363673646311,13.7243566203164633,false,1,ryanjthomas@fs.fed.us,2019-05-13 20:26:06.199041,198.1,BingAerial,1162974,11630,1179,Cambodia,1,Herbaceous,No,,Other,Other
6991144,134030638,104.025498420938916,13.7238330195910105,false,1,ryanjthomas@fs.fed.us,2019-05-13 20:26:06.199041,198.1,BingAerial,1162974,11630,1179,Cambodia,1,Herbaceous,No,,Other,Other
6991144,134030639,104.025498420938916,13.7239639198819159,false,1,ryanjthomas@fs.fed.us,2019-05-13 20:26:06.199041,198.1,BingAerial,1162974,11630,1179,Cambodia,1,Herbaceous,No,,Other,Other
6991144,134030640,104.025498420938916,13.7240948200998076,false,1,ryanjthomas@fs.fed.us,2019-05-13 20:26:06.199041,198.1,BingAerial,1162974,11630,1179,Cambodia,1,Herbaceous,No,,Other,Other
6991144,134030641,104.025498420938916,13.7242257202446485,false,1,ryanjthomas@fs.fed.us,2019-05-13 20:26:06.199041,198.1,BingAerial,1162974,11630,1179,Cambodia,1,Built-up,No,,Other,Other
6991144,134030642,104.025633168231536,13.7239639198819159,false,1,ryanjthomas@fs.fed.us,2019-05-13 20:26:06.199041,198.1,BingAerial,1162974,11630,1179,Cambodia,1,Herbaceous,No,,Other,Other
6991144,134030643,104.025633168231536,13.7240948200998076,false,1,ryanjthomas@fs.fed.us,2019-05-13 20:26:06.199041,198.1,BingAerial,1162974,11630,1179,Cambodia,1,Other Palm,No,,Other,Other
6991145,134030644,105.430591831768453,12.9592356823782477,false,1,ryanjthomas@fs.fed.us,2019-05-13 20:26:22.612617,56.8,BingAerial,1162978,11630,1180,Cambodia,1,Other Tree,No,,Natural Forest,Natural Forest
6991145,134030645,105.430591831768453,12.9593669976044303,false,1,ryanjthomas@fs.fed.us,2019-05-13 20:26:22.612617,56.8,BingAerial,1162978,11630,1180,Cambodia,1,Other Tree,No,,Natural Forest,Natural Forest
6991145,134030646,105.430726579061073,12.959104367082805,false,1,ryanjthomas@fs.fed.us,2019-05-13 20:26:22.612617,56.8,BingAerial,1162978,11630,1180,Cambodia,1,Other Tree,No,,Natural Forest,Natural Forest
6991145,134030647,105.430726579061073,12.9592356823782477,false,1,ryanjthomas@fs.fed.us,2019-05-13 20:26:22.612617,56.8,BingAerial,1162978,11630,1180,Cambodia,1,Other Tree,No,,Natural Forest,Natural Forest
6991145,134030648,105.430726579061073,12.9593669976044303,false,1,ryanjthomas@fs.fed.us,2019-05-13 20:26:22.612617,56.8,BingAerial,1162978,11630,1180,Cambodia,1,Other Tree,No,,Natural Forest,Natural Forest
6991145,134030649,105.430726579061073,12.9594983127613528,false,1,ryanjthomas@fs.fed.us,2019-05-13 20:26:22.612617,56.8,BingAerial,1162978,11630,1180,Cambodia,1,Other Tree,No,,Natural Forest,Natural Forest
6991145,134030650,105.430861326353693,12.958973051718127,false,1,ryanjthomas@fs.fed.us,2019-05-13 20:26:22.612617,56.8,BingAerial,1162978,11630,1180,Cambodia,1,Other Tree,No,,Natural Forest,Natural Forest
6991145,134030651,105.430861326353693,12.959104367082805,false,1,ryanjthomas@fs.fed.us,2019-05-13 20:26:22.612617,56.8,BingAerial,1162978,11630,1180,Cambodia,1,Other Tree,No,,Natural Forest,Natural Forest
6991145,134030652,105.430861326353693,12.9592356823782477,false,1,ryanjthomas@fs.fed.us,2019-05-13 20:26:22.612617,56.8,BingAerial,1162978,11630,1180,Cambodia,1,Other Tree,No,,Natural Forest,Natural Forest
6991145,134030653,105.430861326353693,12.9593669976044303,false,1,ryanjthomas@fs.fed.us,2019-05-13 20:26:22.612617,56.8,BingAerial,1162978,11630,1180,Cambodia,1,Other Tree,No,,Natural Forest,Natural Forest
6991145,134030654,105.430861326353693,12.9594983127613528,false,1,ryanjthomas@fs.fed.us,2019-05-13 20:26:22.612617,56.8,BingAerial,1162978,11630,1180,Cambodia,1,Other Tree,No,,Natural Forest,Natural Forest
6991145,134030655,105.430861326353693,12.9596296278490168,false,1,ryanjthomas@fs.fed.us,2019-05-13 20:26:22.612617,56.8,BingAerial,1162978,11630,1180,Cambodia,1,Other Tree,No,,Natural Forest,Natural Forest
6991145,134030656,105.430996073646298,12.958973051718127,false,1,ryanjthomas@fs.fed.us,2019-05-13 20:26:22.612617,56.8,BingAerial,1162978,11630,1180,Cambodia,1,Other Tree,No,,Natural Forest,Natural Forest
6991145,134030657,105.430996073646298,12.959104367082805,false,1,ryanjthomas@fs.fed.us,2019-05-13 20:26:22.612617,56.8,BingAerial,1162978,11630,1180,Cambodia,1,Other Tree,No,,Natural Forest,Natural Forest
6991145,134030658,105.430996073646298,12.9592356823782477,false,1,ryanjthomas@fs.fed.us,2019-05-13 20:26:22.612617,56.8,BingAerial,1162978,11630,1180,Cambodia,1,Other Tree,No,,Natural Forest,Natural Forest
6991145,134030659,105.430996073646298,12.9593669976044303,false,1,ryanjthomas@fs.fed.us,2019-05-13 20:26:22.612617,56.8,BingAerial,1162978,11630,1180,Cambodia,1,Other Tree,No,,Natural Forest,Natural Forest
6991145,134030660,105.430996073646298,12.9594983127613528,false,1,ryanjthomas@fs.fed.us,2019-05-13 20:26:22.612617,56.8,BingAerial,1162978,11630,1180,Cambodia,1,Other Tree,No,,Natural Forest,Natural Forest
6991145,134030661,105.430996073646298,12.9596296278490168,false,1,ryanjthomas@fs.fed.us,2019-05-13 20:26:22.612617,56.8,BingAerial,1162978,11630,1180,Cambodia,1,Other Tree,No,,Natural Forest,Natural Forest
6991145,134030662,105.431130820938918,12.959104367082805,false,1,ryanjthomas@fs.fed.us,2019-05-13 20:26:22.612617,56.8,BingAerial,1162978,11630,1180,Cambodia,1,Other Tree,No,,Natural Forest,Natural Forest
6991145,134030663,105.431130820938918,12.9592356823782477,false,1,ryanjthomas@fs.fed.us,2019-05-13 20:26:22.612617,56.8,BingAerial,1162978,11630,1180,Cambodia,1,Other Tree,No,,Natural Forest,Natural Forest
6991145,134030664,105.431130820938918,12.9593669976044303,false,1,ryanjthomas@fs.fed.us,2019-05-13 20:26:22.612617,56.8,BingAerial,1162978,11630,1180,Cambodia,1,Other Tree,No,,Natural Forest,Natural Forest
6991145,134030665,105.431130820938918,12.9594983127613528,false,1,ryanjthomas@fs.fed.us,2019-05-13 20:26:22.612617,56.8,BingAerial,1162978,11630,1180,Cambodia,1,Other Tree,No,,Natural Forest,Natural Forest
6991145,134030666,105.431265568231552,12.9592356823782477,false,1,ryanjthomas@fs.fed.us,2019-05-13 20:26:22.612617,56.8,BingAerial,1162978,11630,1180,Cambodia,1,Other Tree,No,,Natural Forest,Natural Forest
6991145,134030667,105.431265568231552,12.9593669976044303,false,1,ryanjthomas@fs.fed.us,2019-05-13 20:26:22.612617,56.8,BingAerial,1162978,11630,1180,Cambodia,1,Other Tree,No,,Natural Forest,Natural Forest
6991146,134030668,106.160282131768454,12.2878441898417083,false,1,ryanjthomas@fs.fed.us,2019-05-13 20:27:01.007011,78.8,BingAerial,1162979,11630,1181,Cambodia,1,Other Tree,No,,Natural Forest,Natural Forest
6991146,134030669,106.160282131768454,12.2879758501417911,false,1,ryanjthomas@fs.fed.us,2019-05-13 20:27:01.007011,78.8,BingAerial,1162979,11630,1181,Cambodia,1,Other Tree,No,,Natural Forest,Natural Forest
6991146,134030670,106.160416879061074,12.2877125294757263,false,1,ryanjthomas@fs.fed.us,2019-05-13 20:27:01.007011,78.8,BingAerial,1162979,11630,1181,Cambodia,1,Other Tree,No,,Natural Forest,Natural Forest
6991146,134030671,106.160416879061074,12.2878441898417083,false,1,ryanjthomas@fs.fed.us,2019-05-13 20:27:01.007011,78.8,BingAerial,1162979,11630,1181,Cambodia,1,Other Tree,No,,Natural Forest,Natural Forest
6991146,134030672,106.160416879061074,12.2879758501417911,false,1,ryanjthomas@fs.fed.us,2019-05-13 20:27:01.007011,78.8,BingAerial,1162979,11630,1181,Cambodia,1,Other Tree,No,,Natural Forest,Natural Forest
6991146,134030673,106.160416879061074,12.2881075103759709,false,1,ryanjthomas@fs.fed.us,2019-05-13 20:27:01.007011,78.8,BingAerial,1162979,11630,1181,Cambodia,1,Other Tree,No,,Natural Forest,Natural Forest
6991146,134030674,106.16055162635368,12.2875808690438433,false,1,ryanjthomas@fs.fed.us,2019-05-13 20:27:01.007011,78.8,BingAerial,1162979,11630,1181,Cambodia,1,Other Tree,No,,Natural Forest,Natural Forest
6991146,134030675,106.16055162635368,12.2877125294757263,false,1,ryanjthomas@fs.fed.us,2019-05-13 20:27:01.007011,78.8,BingAerial,1162979,11630,1181,Cambodia,1,Other Tree,No,,Natural Forest,Natural Forest
6991146,134030676,106.16055162635368,12.2878441898417083,false,1,ryanjthomas@fs.fed.us,2019-05-13 20:27:01.007011,78.8,BingAerial,1162979,11630,1181,Cambodia,1,Other Tree,No,,Natural Forest,Natural Forest
6991146,134030677,106.16055162635368,12.2879758501417911,false,1,ryanjthomas@fs.fed.us,2019-05-13 20:27:01.007011,78.8,BingAerial,1162979,11630,1181,Cambodia,1,Other Tree,No,,Natural Forest,Natural Forest
6991146,134030678,106.16055162635368,12.2881075103759709,false,1,ryanjthomas@fs.fed.us,2019-05-13 20:27:01.007011,78.8,BingAerial,1162979,11630,1181,Cambodia,1,Other Tree,No,,Natural Forest,Natural Forest
6991146,134030679,106.16055162635368,12.2882391705442622,false,1,ryanjthomas@fs.fed.us,2019-05-13 20:27:01.007011,78.8,BingAerial,1162979,11630,1181,Cambodia,1,Other Tree,No,,Natural Forest,Natural Forest
6991146,134030680,106.160686373646314,12.2875808690438433,false,1,ryanjthomas@fs.fed.us,2019-05-13 20:27:01.007011,78.8,BingAerial,1162979,11630,1181,Cambodia,1,Other Tree,No,,Natural Forest,Natural Forest
6991146,134030681,106.160686373646314,12.2877125294757263,false,1,ryanjthomas@fs.fed.us,2019-05-13 20:27:01.007011,78.8,BingAerial,1162979,11630,1181,Cambodia,1,Other Tree,No,,Natural Forest,Natural Forest
6991146,134030682,106.160686373646314,12.2878441898417083,false,1,ryanjthomas@fs.fed.us,2019-05-13 20:27:01.007011,78.8,BingAerial,1162979,11630,1181,Cambodia,1,Other Tree,No,,Natural Forest,Natural Forest
6991146,134030683,106.160686373646314,12.2879758501417911,false,1,ryanjthomas@fs.fed.us,2019-05-13 20:27:01.007011,78.8,BingAerial,1162979,11630,1181,Cambodia,1,Other Tree,No,,Natural Forest,Natural Forest
6991146,134030684,106.160686373646314,12.2881075103759709,false,1,ryanjthomas@fs.fed.us,2019-05-13 20:27:01.007011,78.8,BingAerial,1162979,11630,1181,Cambodia,1,Other Tree,No,,Natural Forest,Natural Forest
6991146,134030685,106.160686373646314,12.2882391705442622,false,1,ryanjthomas@fs.fed.us,2019-05-13 20:27:01.007011,78.8,BingAerial,1162979,11630,1181,Cambodia,1,Other Tree,No,,Natural Forest,Natural Forest
6991146,134030686,106.16082112093892,12.2877125294757263,false,1,ryanjthomas@fs.fed.us,2019-05-13 20:27:01.007011,78.8,BingAerial,1162979,11630,1181,Cambodia,1,Other Tree,No,,Natural Forest,Natural Forest
6991146,134030687,106.16082112093892,12.2878441898417083,false,1,ryanjthomas@fs.fed.us,2019-05-13 20:27:01.007011,78.8,BingAerial,1162979,11630,1181,Cambodia,1,Other Tree,No,,Natural Forest,Natural Forest
6991146,134030688,106.16082112093892,12.2879758501417911,false,1,ryanjthomas@fs.fed.us,2019-05-13 20:27:01.007011,78.8,BingAerial,1162979,11630,1181,Cambodia,1,Other Tree,No,,Natural Forest,Natural Forest
6991146,134030689,106.16082112093892,12.2881075103759709,false,1,ryanjthomas@fs.fed.us,2019-05-13 20:27:01.007011,78.8,BingAerial,1162979,11630,1181,Cambodia,1,Other Tree,No,,Natural Forest,Natural Forest
6991146,134030690,106.16095586823154,12.2878441898417083,false,1,ryanjthomas@fs.fed.us,2019-05-13 20:27:01.007011,78.8,BingAerial,1162979,11630,1181,Cambodia,1,Other Tree,No,,Natural Forest,Natural Forest
6991146,134030691,106.16095586823154,12.2879758501417911,false,1,ryanjthomas@fs.fed.us,2019-05-13 20:27:01.007011,78.8,BingAerial,1162979,11630,1181,Cambodia,1,Other Tree,No,,Natural Forest,Natural Forest
6991147,134030692,104.135534931768447,13.5593311042238227,false,1,ryanjthomas@fs.fed.us,2019-05-13 20:51:42.35326,122.3,BingAerial,1162983,11630,1182,Cambodia,1,Herbaceous,No,,Plantation,Natural Forest
6991147,134030693,104.135534931768447,13.5594620957580982,false,1,ryanjthomas@fs.fed.us,2019-05-13 20:51:42.35326,122.3,BingAerial,1162983,11630,1182,Cambodia,1,Pulpwood,No,,Plantation,Natural Forest
6991147,134030694,104.135669679061067,13.5592001126172974,false,1,ryanjthomas@fs.fed.us,2019-05-13 20:51:42.35326,122.3,BingAerial,1162983,11630,1182,Cambodia,1,Herbaceous,No,,Plantation,Natural Forest
6991147,134030695,104.135669679061067,13.5593311042238227,false,1,ryanjthomas@fs.fed.us,2019-05-13 20:51:42.35326,122.3,BingAerial,1162983,11630,1182,Cambodia,1,Herbaceous,No,,Plantation,Natural Forest
6991147,134030696,104.135669679061067,13.5594620957580982,false,1,ryanjthomas@fs.fed.us,2019-05-13 20:51:42.35326,122.3,BingAerial,1162983,11630,1182,Cambodia,1,Pulpwood,No,,Plantation,Natural Forest
6991147,134030697,104.135669679061067,13.5595930872201631,false,1,ryanjthomas@fs.fed.us,2019-05-13 20:51:42.35326,122.3,BingAerial,1162983,11630,1182,Cambodia,1,Pulpwood,No,,Plantation,Natural Forest
6991147,134030698,104.135804426353701,13.5590691209385614,false,1,ryanjthomas@fs.fed.us,2019-05-13 20:51:42.35326,122.3,BingAerial,1162983,11630,1182,Cambodia,1,Herbaceous,No,,Plantation,Natural Forest
6991147,134030699,104.135804426353701,13.5592001126172974,false,1,ryanjthomas@fs.fed.us,2019-05-13 20:51:42.35326,122.3,BingAerial,1162983,11630,1182,Cambodia,1,Herbaceous,No,,Plantation,Natural Forest
6991147,134030700,104.135804426353701,13.5593311042238227,false,1,ryanjthomas@fs.fed.us,2019-05-13 20:51:42.35326,122.3,BingAerial,1162983,11630,1182,Cambodia,1,Herbaceous,No,,Plantation,Natural Forest
6991147,134030701,104.135804426353701,13.5594620957580982,false,1,ryanjthomas@fs.fed.us,2019-05-13 20:51:42.35326,122.3,BingAerial,1162983,11630,1182,Cambodia,1,Pulpwood,No,,Plantation,Natural Forest
6991147,134030702,104.135804426353701,13.5595930872201631,false,1,ryanjthomas@fs.fed.us,2019-05-13 20:51:42.35326,122.3,BingAerial,1162983,11630,1182,Cambodia,1,Other Shrub,No,,Plantation,Natural Forest
6991147,134030703,104.135804426353701,13.5597240786100031,false,1,ryanjthomas@fs.fed.us,2019-05-13 20:51:42.35326,122.3,BingAerial,1162983,11630,1182,Cambodia,1,Other Shrub,No,,Plantation,Natural Forest
6991147,134030704,104.135939173646307,13.5590691209385614,false,1,ryanjthomas@fs.fed.us,2019-05-13 20:51:42.35326,122.3,BingAerial,1162983,11630,1182,Cambodia,1,Herbaceous,No,,Plantation,Natural Forest
6991147,134030705,104.135939173646307,13.5592001126172974,false,1,ryanjthomas@fs.fed.us,2019-05-13 20:51:42.35326,122.3,BingAerial,1162983,11630,1182,Cambodia,1,Herbaceous,No,,Plantation,Natural Forest
6991147,134030706,104.135939173646307,13.5593311042238227,false,1,ryanjthomas@fs.fed.us,2019-05-13 20:51:42.35326,122.3,BingAerial,1162983,11630,1182,Cambodia,1,Herbaceous,No,,Plantation,Natural Forest
6991147,134030707,104.135939173646307,13.5594620957580982,false,1,ryanjthomas@fs.fed.us,2019-05-13 20:51:42.35326,122.3,BingAerial,1162983,11630,1182,Cambodia,1,Pulpwood,No,,Plantation,Natural Forest
6991147,134030708,104.135939173646307,13.5595930872201631,false,1,ryanjthomas@fs.fed.us,2019-05-13 20:51:42.35326,122.3,BingAerial,1162983,11630,1182,Cambodia,1,Pulpwood,No,,Plantation,Natural Forest
6991147,134030709,104.135939173646307,13.5597240786100031,false,1,ryanjthomas@fs.fed.us,2019-05-13 20:51:42.35326,122.3,BingAerial,1162983,11630,1182,Cambodia,1,Pulpwood,No,,Plantation,Natural Forest
6991147,134030710,104.136073920938927,13.5592001126172974,false,1,ryanjthomas@fs.fed.us,2019-05-13 20:51:42.35326,122.3,BingAerial,1162983,11630,1182,Cambodia,1,Herbaceous,No,,Plantation,Natural Forest
6991147,134030711,104.136073920938927,13.5593311042238227,false,1,ryanjthomas@fs.fed.us,2019-05-13 20:51:42.35326,122.3,BingAerial,1162983,11630,1182,Cambodia,1,Herbaceous,No,,Plantation,Natural Forest
6991147,134030712,104.136073920938927,13.5594620957580982,false,1,ryanjthomas@fs.fed.us,2019-05-13 20:51:42.35326,122.3,BingAerial,1162983,11630,1182,Cambodia,1,Pulpwood,No,,Plantation,Natural Forest
6991147,134030713,104.136073920938927,13.5595930872201631,false,1,ryanjthomas@fs.fed.us,2019-05-13 20:51:42.35326,122.3,BingAerial,1162983,11630,1182,Cambodia,1,Pulpwood,No,,Plantation,Natural Forest
6991147,134030714,104.136208668231546,13.5593311042238227,false,1,ryanjthomas@fs.fed.us,2019-05-13 20:51:42.35326,122.3,BingAerial,1162983,11630,1182,Cambodia,1,Herbaceous,No,,Plantation,Natural Forest
6991147,134030715,104.136208668231546,13.5594620957580982,false,1,ryanjthomas@fs.fed.us,2019-05-13 20:51:42.35326,122.3,BingAerial,1162983,11630,1182,Cambodia,1,Pulpwood,No,,Plantation,Natural Forest
6991148,134030716,105.791717431768461,12.4180856926056933,false,1,ryanjthomas@fs.fed.us,2019-05-13 20:27:21.02185,60.1,BingAerial,1162984,11630,1183,Cambodia,1,Other Tree,No,,Natural Forest,Natural Forest
6991148,134030717,105.791717431768461,12.418217287377658,false,1,ryanjthomas@fs.fed.us,2019-05-13 20:27:21.02185,60.1,BingAerial,1162984,11630,1183,Cambodia,1,Other Tree,No,,Natural Forest,Natural Forest
6991148,134030718,105.791852179061081,12.417954097767165,false,1,ryanjthomas@fs.fed.us,2019-05-13 20:27:21.02185,60.1,BingAerial,1162984,11630,1183,Cambodia,1,Other Tree,No,,Natural Forest,Natural Forest
6991148,134030719,105.791852179061081,12.4180856926056933,false,1,ryanjthomas@fs.fed.us,2019-05-13 20:27:21.02185,60.1,BingAerial,1162984,11630,1183,Cambodia,1,Other Tree,No,,Natural Forest,Natural Forest
6991148,134030720,105.791852179061081,12.418217287377658,false,1,ryanjthomas@fs.fed.us,2019-05-13 20:27:21.02185,60.1,BingAerial,1162984,11630,1183,Cambodia,1,Other Tree,No,,Natural Forest,Natural Forest
6991148,134030721,105.791852179061081,12.418348882083075,false,1,ryanjthomas@fs.fed.us,2019-05-13 20:27:21.02185,60.1,BingAerial,1162984,11630,1183,Cambodia,1,Other Tree,No,,Natural Forest,Natural Forest
6991148,134030722,105.791986926353701,12.4178225028620854,false,1,ryanjthomas@fs.fed.us,2019-05-13 20:27:21.02185,60.1,BingAerial,1162984,11630,1183,Cambodia,1,Other Tree,No,,Natural Forest,Natural Forest
6991148,134030723,105.791986926353701,12.417954097767165,false,1,ryanjthomas@fs.fed.us,2019-05-13 20:27:21.02185,60.1,BingAerial,1162984,11630,1183,Cambodia,1,Other Tree,No,,Natural Forest,Natural Forest
6991148,134030724,105.791986926353701,12.4180856926056933,false,1,ryanjthomas@fs.fed.us,2019-05-13 20:27:21.02185,60.1,BingAerial,1162984,11630,1183,Cambodia,1,Other Tree,No,,Natural Forest,Natural Forest
6991148,134030725,105.791986926353701,12.418217287377658,false,1,ryanjthomas@fs.fed.us,2019-05-13 20:27:21.02185,60.1,BingAerial,1162984,11630,1183,Cambodia,1,Other Tree,No,,Natural Forest,Natural Forest
6991148,134030726,105.791986926353701,12.418348882083075,false,1,ryanjthomas@fs.fed.us,2019-05-13 20:27:21.02185,60.1,BingAerial,1162984,11630,1183,Cambodia,1,Other Tree,No,,Natural Forest,Natural Forest
6991148,134030727,105.791986926353701,12.4184804767219408,false,1,ryanjthomas@fs.fed.us,2019-05-13 20:27:21.02185,60.1,BingAerial,1162984,11630,1183,Cambodia,1,Other Tree,No,,Natural Forest,Natural Forest
6991148,134030728,105.792121673646321,12.4178225028620854,false,1,ryanjthomas@fs.fed.us,2019-05-13 20:27:21.02185,60.1,BingAerial,1162984,11630,1183,Cambodia,1,Other Tree,No,,Natural Forest,Natural Forest
6991148,134030729,105.792121673646321,12.417954097767165,false,1,ryanjthomas@fs.fed.us,2019-05-13 20:27:21.02185,60.1,BingAerial,1162984,11630,1183,Cambodia,1,Other Tree,No,,Natural Forest,Natural Forest
6991148,134030730,105.792121673646321,12.4180856926056933,false,1,ryanjthomas@fs.fed.us,2019-05-13 20:27:21.02185,60.1,BingAerial,1162984,11630,1183,Cambodia,1,Other Tree,No,,Natural Forest,Natural Forest
6991148,134030731,105.792121673646321,12.418217287377658,false,1,ryanjthomas@fs.fed.us,2019-05-13 20:27:21.02185,60.1,BingAerial,1162984,11630,1183,Cambodia,1,Other Tree,No,,Natural Forest,Natural Forest
6991148,134030732,105.792121673646321,12.418348882083075,false,1,ryanjthomas@fs.fed.us,2019-05-13 20:27:21.02185,60.1,BingAerial,1162984,11630,1183,Cambodia,1,Other Tree,No,,Natural Forest,Natural Forest
6991148,134030733,105.792121673646321,12.4184804767219408,false,1,ryanjthomas@fs.fed.us,2019-05-13 20:27:21.02185,60.1,BingAerial,1162984,11630,1183,Cambodia,1,Other Tree,No,,Natural Forest,Natural Forest
6991148,134030734,105.792256420938926,12.417954097767165,false,1,ryanjthomas@fs.fed.us,2019-05-13 20:27:21.02185,60.1,BingAerial,1162984,11630,1183,Cambodia,1,Other Tree,No,,Natural Forest,Natural Forest
6991148,134030735,105.792256420938926,12.4180856926056933,false,1,ryanjthomas@fs.fed.us,2019-05-13 20:27:21.02185,60.1,BingAerial,1162984,11630,1183,Cambodia,1,Other Tree,No,,Natural Forest,Natural Forest
6991148,134030736,105.792256420938926,12.418217287377658,false,1,ryanjthomas@fs.fed.us,2019-05-13 20:27:21.02185,60.1,BingAerial,1162984,11630,1183,Cambodia,1,Other Tree,No,,Natural Forest,Natural Forest
6991148,134030737,105.792256420938926,12.418348882083075,false,1,ryanjthomas@fs.fed.us,2019-05-13 20:27:21.02185,60.1,BingAerial,1162984,11630,1183,Cambodia,1,Other Tree,No,,Natural Forest,Natural Forest
6991148,134030738,105.792391168231546,12.4180856926056933,false,1,ryanjthomas@fs.fed.us,2019-05-13 20:27:21.02185,60.1,BingAerial,1162984,11630,1183,Cambodia,1,Other Tree,No,,Natural Forest,Natural Forest
6991148,134030739,105.792391168231546,12.418217287377658,false,1,ryanjthomas@fs.fed.us,2019-05-13 20:27:21.02185,60.1,BingAerial,1162984,11630,1183,Cambodia,1,Other Tree,No,,Natural Forest,Natural Forest
6991149,134030740,103.810284931768464,12.0001000886620375,false,1,ryanjthomas@fs.fed.us,2019-05-13 20:49:42.63495,1382.0,BingAerial,1162988,11630,1184,Cambodia,1,Other Tree,No,,Natural Forest,Natural Forest
6991149,134030741,103.810284931768464,12.0002318913218513,false,1,ryanjthomas@fs.fed.us,2019-05-13 20:49:42.63495,1382.0,BingAerial,1162988,11630,1184,Cambodia,1,Non-vegetated,No,,Natural Forest,Natural Forest
6991149,134030742,103.810419679061084,11.9999682859377739,false,1,ryanjthomas@fs.fed.us,2019-05-13 20:49:42.63495,1382.0,BingAerial,1162988,11630,1184,Cambodia,1,Other Tree,No,,Natural Forest,Natural Forest
6991149,134030743,103.810419679061084,12.0001000886620375,false,1,ryanjthomas@fs.fed.us,2019-05-13 20:49:42.63495,1382.0,BingAerial,1162988,11630,1184,Cambodia,1,Non-vegetated,No,,Natural Forest,Natural Forest
6991149,134030744,103.810419679061084,12.0002318913218513,false,1,ryanjthomas@fs.fed.us,2019-05-13 20:49:42.63495,1382.0,BingAerial,1162988,11630,1184,Cambodia,1,Non-vegetated,No,,Natural Forest,Natural Forest
6991149,134030745,103.810419679061084,12.0003636939172136,false,1,ryanjthomas@fs.fed.us,2019-05-13 20:49:42.63495,1382.0,BingAerial,1162988,11630,1184,Cambodia,1,Other Tree,No,,Natural Forest,Natural Forest
6991149,134030746,103.81055442635369,11.9998364831490587,false,1,ryanjthomas@fs.fed.us,2019-05-13 20:49:42.63495,1382.0,BingAerial,1162988,11630,1184,Cambodia,1,Other Tree,No,,Natural Forest,Natural Forest
6991149,134030747,103.81055442635369,11.9999682859377739,false,1,ryanjthomas@fs.fed.us,2019-05-13 20:49:42.63495,1382.0,BingAerial,1162988,11630,1184,Cambodia,1,Herbaceous,No,,Natural Forest,Natural Forest
6991149,134030748,103.81055442635369,12.0001000886620375,false,1,ryanjthomas@fs.fed.us,2019-05-13 20:49:42.63495,1382.0,BingAerial,1162988,11630,1184,Cambodia,1,Non-vegetated,No,,Natural Forest,Natural Forest
6991149,134030749,103.81055442635369,12.0002318913218513,false,1,ryanjthomas@fs.fed.us,2019-05-13 20:49:42.63495,1382.0,BingAerial,1162988,11630,1184,Cambodia,1,Non-vegetated,No,,Natural Forest,Natural Forest
6991149,134030750,103.81055442635369,12.0003636939172136,false,1,ryanjthomas@fs.fed.us,2019-05-13 20:49:42.63495,1382.0,BingAerial,1162988,11630,1184,Cambodia,1,Non-vegetated,No,,Natural Forest,Natural Forest
6991149,134030751,103.81055442635369,12.0004954964481385,false,1,ryanjthomas@fs.fed.us,2019-05-13 20:49:42.63495,1382.0,BingAerial,1162988,11630,1184,Cambodia,1,Other Tree,No,,Natural Forest,Natural Forest
6991149,134030752,103.810689173646324,11.9998364831490587,false,1,ryanjthomas@fs.fed.us,2019-05-13 20:49:42.63495,1382.0,BingAerial,1162988,11630,1184,Cambodia,1,Other Tree,No,,Natural Forest,Natural Forest
6991149,134030753,103.810689173646324,11.9999682859377739,false,1,ryanjthomas@fs.fed.us,2019-05-13 20:49:42.63495,1382.0,BingAerial,1162988,11630,1184,Cambodia,1,Other Tree,No,,Natural Forest,Natural Forest
6991149,134030754,103.810689173646324,12.0001000886620375,false,1,ryanjthomas@fs.fed.us,2019-05-13 20:49:42.63495,1382.0,BingAerial,1162988,11630,1184,Cambodia,1,Herbaceous,No,,Natural Forest,Natural Forest
6991149,134030755,103.810689173646324,12.0002318913218513,false,1,ryanjthomas@fs.fed.us,2019-05-13 20:49:42.63495,1382.0,BingAerial,1162988,11630,1184,Cambodia,1,Non-vegetated,No,,Natural Forest,Natural Forest
6991149,134030756,103.810689173646324,12.0003636939172136,false,1,ryanjthomas@fs.fed.us,2019-05-13 20:49:42.63495,1382.0,BingAerial,1162988,11630,1184,Cambodia,1,Other Tree,No,,Natural Forest,Natural Forest
6991149,134030757,103.810689173646324,12.0004954964481385,false,1,ryanjthomas@fs.fed.us,2019-05-13 20:49:42.63495,1382.0,BingAerial,1162988,11630,1184,Cambodia,1,Other Tree,No,,Natural Forest,Natural Forest
6991149,134030758,103.81082392093893,11.9999682859377739,false,1,ryanjthomas@fs.fed.us,2019-05-13 20:49:42.63495,1382.0,BingAerial,1162988,11630,1184,Cambodia,1,Herbaceous,No,,Natural Forest,Natural Forest
6991149,134030759,103.81082392093893,12.0001000886620375,false,1,ryanjthomas@fs.fed.us,2019-05-13 20:49:42.63495,1382.0,BingAerial,1162988,11630,1184,Cambodia,1,Non-vegetated,No,,Natural Forest,Natural Forest
6991149,134030760,103.81082392093893,12.0002318913218513,false,1,ryanjthomas@fs.fed.us,2019-05-13 20:49:42.63495,1382.0,BingAerial,1162988,11630,1184,Cambodia,1,Other Tree,No,,Natural Forest,Natural Forest
6991149,134030761,103.81082392093893,12.0003636939172136,false,1,ryanjthomas@fs.fed.us,2019-05-13 20:49:42.63495,1382.0,BingAerial,1162988,11630,1184,Cambodia,1,Non-vegetated,No,,Natural Forest,Natural Forest
6991149,134030762,103.810958668231549,12.0001000886620375,false,1,ryanjthomas@fs.fed.us,2019-05-13 20:49:42.63495,1382.0,BingAerial,1162988,11630,1184,Cambodia,1,Non-vegetated,No,,Natural Forest,Natural Forest
6991149,134030763,103.810958668231549,12.0002318913218513,false,1,ryanjthomas@fs.fed.us,2019-05-13 20:49:42.63495,1382.0,BingAerial,1162988,11630,1184,Cambodia,1,Non-vegetated,No,,Natural Forest,Natural Forest
6991150,134030764,104.299803331768459,13.4151008946684112,true,0,ryanjthomas@fs.fed.us,2019-05-13 20:50:12.811286,,,1162989,11630,1185,Cambodia,1,,,,,
6991150,134030765,104.299803331768459,13.4152319653137049,true,0,ryanjthomas@fs.fed.us,2019-05-13 20:50:12.811286,,,1162989,11630,1185,Cambodia,1,,,,,
6991150,134030766,104.299938079061079,13.4149698239515924,true,0,ryanjthomas@fs.fed.us,2019-05-13 20:50:12.811286,,,1162989,11630,1185,Cambodia,1,,,,,
6991150,134030767,104.299938079061079,13.4151008946684112,true,0,ryanjthomas@fs.fed.us,2019-05-13 20:50:12.811286,,,1162989,11630,1185,Cambodia,1,,,,,
6991150,134030768,104.299938079061079,13.4152319653137049,true,0,ryanjthomas@fs.fed.us,2019-05-13 20:50:12.811286,,,1162989,11630,1185,Cambodia,1,,,,,
6991150,134030769,104.299938079061079,13.415363035887486,true,0,ryanjthomas@fs.fed.us,2019-05-13 20:50:12.811286,,,1162989,11630,1185,Cambodia,1,,,,,
6991150,134030770,104.300072826353698,13.4148387531632629,true,0,ryanjthomas@fs.fed.us,2019-05-13 20:50:12.811286,,,1162989,11630,1185,Cambodia,1,,,,,
6991150,134030771,104.300072826353698,13.4149698239515924,true,0,ryanjthomas@fs.fed.us,2019-05-13 20:50:12.811286,,,1162989,11630,1185,Cambodia,1,,,,,
6991150,134030772,104.300072826353698,13.4151008946684112,true,0,ryanjthomas@fs.fed.us,2019-05-13 20:50:12.811286,,,1162989,11630,1185,Cambodia,1,,,,,
6991150,134030773,104.300072826353698,13.4152319653137049,true,0,ryanjthomas@fs.fed.us,2019-05-13 20:50:12.811286,,,1162989,11630,1185,Cambodia,1,,,,,
6991150,134030774,104.300072826353698,13.415363035887486,true,0,ryanjthomas@fs.fed.us,2019-05-13 20:50:12.811286,,,1162989,11630,1185,Cambodia,1,,,,,
6991150,134030775,104.300072826353698,13.4154941063897564,true,0,ryanjthomas@fs.fed.us,2019-05-13 20:50:12.811286,,,1162989,11630,1185,Cambodia,1,,,,,
6991150,134030776,104.300207573646304,13.4148387531632629,true,0,ryanjthomas@fs.fed.us,2019-05-13 20:50:12.811286,,,1162989,11630,1185,Cambodia,1,,,,,
6991150,134030777,104.300207573646304,13.4149698239515924,true,0,ryanjthomas@fs.fed.us,2019-05-13 20:50:12.811286,,,1162989,11630,1185,Cambodia,1,,,,,
6991150,134030778,104.300207573646304,13.4151008946684112,true,0,ryanjthomas@fs.fed.us,2019-05-13 20:50:12.811286,,,1162989,11630,1185,Cambodia,1,,,,,
6991150,134030779,104.300207573646304,13.4152319653137049,true,0,ryanjthomas@fs.fed.us,2019-05-13 20:50:12.811286,,,1162989,11630,1185,Cambodia,1,,,,,
6991150,134030780,104.300207573646304,13.415363035887486,true,0,ryanjthomas@fs.fed.us,2019-05-13 20:50:12.811286,,,1162989,11630,1185,Cambodia,1,,,,,
6991150,134030781,104.300207573646304,13.4154941063897564,true,0,ryanjthomas@fs.fed.us,2019-05-13 20:50:12.811286,,,1162989,11630,1185,Cambodia,1,,,,,
6991150,134030782,104.300342320938924,13.4149698239515924,true,0,ryanjthomas@fs.fed.us,2019-05-13 20:50:12.811286,,,1162989,11630,1185,Cambodia,1,,,,,
6991150,134030783,104.300342320938924,13.4151008946684112,true,0,ryanjthomas@fs.fed.us,2019-05-13 20:50:12.811286,,,1162989,11630,1185,Cambodia,1,,,,,
6991150,134030784,104.300342320938924,13.4152319653137049,true,0,ryanjthomas@fs.fed.us,2019-05-13 20:50:12.811286,,,1162989,11630,1185,Cambodia,1,,,,,
6991150,134030785,104.300342320938924,13.415363035887486,true,0,ryanjthomas@fs.fed.us,2019-05-13 20:50:12.811286,,,1162989,11630,1185,Cambodia,1,,,,,
6991150,134030786,104.300477068231558,13.4151008946684112,true,0,ryanjthomas@fs.fed.us,2019-05-13 20:50:12.811286,,,1162989,11630,1185,Cambodia,1,,,,,
6991150,134030787,104.300477068231558,13.4152319653137049,true,0,ryanjthomas@fs.fed.us,2019-05-13 20:50:12.811286,,,1162989,11630,1185,Cambodia,1,,,,,
6991151,134030788,104.390668931768474,13.9893456146184523,true,0,ryanjthomas@fs.fed.us,2019-05-13 20:52:22.121764,,,1162993,11630,1186,Cambodia,1,,,,,
6991151,134030789,104.390668931768474,13.9894763653629592,true,0,ryanjthomas@fs.fed.us,2019-05-13 20:52:22.121764,,,1162993,11630,1186,Cambodia,1,,,,,
6991151,134030790,104.390803679061079,13.9892148637995852,true,0,ryanjthomas@fs.fed.us,2019-05-13 20:52:22.121764,,,1162993,11630,1186,Cambodia,1,,,,,
6991151,134030791,104.390803679061079,13.9893456146184523,true,0,ryanjthomas@fs.fed.us,2019-05-13 20:52:22.121764,,,1162993,11630,1186,Cambodia,1,,,,,
6991151,134030792,104.390803679061079,13.9894763653629592,true,0,ryanjthomas@fs.fed.us,2019-05-13 20:52:22.121764,,,1162993,11630,1186,Cambodia,1,,,,,
6991151,134030793,104.390803679061079,13.9896071160331417,true,0,ryanjthomas@fs.fed.us,2019-05-13 20:52:22.121764,,,1162993,11630,1186,Cambodia,1,,,,,
6991151,134030794,104.390938426353713,13.9890841129064079,true,0,ryanjthomas@fs.fed.us,2019-05-13 20:52:22.121764,,,1162993,11630,1186,Cambodia,1,,,,,
6991151,134030795,104.390938426353713,13.9892148637995852,true,0,ryanjthomas@fs.fed.us,2019-05-13 20:52:22.121764,,,1162993,11630,1186,Cambodia,1,,,,,
6991151,134030796,104.390938426353713,13.9893456146184523,true,0,ryanjthomas@fs.fed.us,2019-05-13 20:52:22.121764,,,1162993,11630,1186,Cambodia,1,,,,,
6991151,134030797,104.390938426353713,13.9894763653629592,true,0,ryanjthomas@fs.fed.us,2019-05-13 20:52:22.121764,,,1162993,11630,1186,Cambodia,1,,,,,
6991151,134030798,104.390938426353713,13.9896071160331417,true,0,ryanjthomas@fs.fed.us,2019-05-13 20:52:22.121764,,,1162993,11630,1186,Cambodia,1,,,,,
6991151,134030799,104.390938426353713,13.9897378666289889,true,0,ryanjthomas@fs.fed.us,2019-05-13 20:52:22.121764,,,1162993,11630,1186,Cambodia,1,,,,,
6991151,134030800,104.391073173646333,13.9890841129064079,true,0,ryanjthomas@fs.fed.us,2019-05-13 20:52:22.121764,,,1162993,11630,1186,Cambodia,1,,,,,
6991151,134030801,104.391073173646333,13.9892148637995852,true,0,ryanjthomas@fs.fed.us,2019-05-13 20:52:22.121764,,,1162993,11630,1186,Cambodia,1,,,,,
6991151,134030802,104.391073173646333,13.9893456146184523,true,0,ryanjthomas@fs.fed.us,2019-05-13 20:52:22.121764,,,1162993,11630,1186,Cambodia,1,,,,,
6991151,134030803,104.391073173646333,13.9894763653629592,true,0,ryanjthomas@fs.fed.us,2019-05-13 20:52:22.121764,,,1162993,11630,1186,Cambodia,1,,,,,
6991151,134030804,104.391073173646333,13.9896071160331417,true,0,ryanjthomas@fs.fed.us,2019-05-13 20:52:22.121764,,,1162993,11630,1186,Cambodia,1,,,,,
6991151,134030805,104.391073173646333,13.9897378666289889,true,0,ryanjthomas@fs.fed.us,2019-05-13 20:52:22.121764,,,1162993,11630,1186,Cambodia,1,,,,,
6991151,134030806,104.391207920938939,13.9892148637995852,true,0,ryanjthomas@fs.fed.us,2019-05-13 20:52:22.121764,,,1162993,11630,1186,Cambodia,1,,,,,
6991151,134030807,104.391207920938939,13.9893456146184523,true,0,ryanjthomas@fs.fed.us,2019-05-13 20:52:22.121764,,,1162993,11630,1186,Cambodia,1,,,,,
6991151,134030808,104.391207920938939,13.9894763653629592,true,0,ryanjthomas@fs.fed.us,2019-05-13 20:52:22.121764,,,1162993,11630,1186,Cambodia,1,,,,,
6991151,134030809,104.391207920938939,13.9896071160331417,true,0,ryanjthomas@fs.fed.us,2019-05-13 20:52:22.121764,,,1162993,11630,1186,Cambodia,1,,,,,
6991151,134030810,104.391342668231559,13.9893456146184523,true,0,ryanjthomas@fs.fed.us,2019-05-13 20:52:22.121764,,,1162993,11630,1186,Cambodia,1,,,,,
6991151,134030811,104.391342668231559,13.9894763653629592,true,0,ryanjthomas@fs.fed.us,2019-05-13 20:52:22.121764,,,1162993,11630,1186,Cambodia,1,,,,,
6991152,134030812,103.960999831768476,11.7343951244102023,false,1,ryanjthomas@fs.fed.us,2019-05-13 20:52:50.288844,68.5,BingAerial,1162994,11630,1187,Cambodia,1,Other Tree,No,,Plantation,Natural Forest
6991152,134030813,103.960999831768476,11.7345270555740306,false,1,ryanjthomas@fs.fed.us,2019-05-13 20:52:50.288844,68.5,BingAerial,1162994,11630,1187,Cambodia,1,Other Tree,No,,Plantation,Natural Forest
6991152,134030814,103.961134579061081,11.7342631931832599,false,1,ryanjthomas@fs.fed.us,2019-05-13 20:52:50.288844,68.5,BingAerial,1162994,11630,1187,Cambodia,1,Other Tree,No,,Plantation,Natural Forest
6991152,134030815,103.961134579061081,11.7343951244102023,false,1,ryanjthomas@fs.fed.us,2019-05-13 20:52:50.288844,68.5,BingAerial,1162994,11630,1187,Cambodia,1,Other Tree,No,,Plantation,Natural Forest
6991152,134030816,103.961134579061081,11.7345270555740306,false,1,ryanjthomas@fs.fed.us,2019-05-13 20:52:50.288844,68.5,BingAerial,1162994,11630,1187,Cambodia,1,Other Tree,No,,Plantation,Natural Forest
6991152,134030817,103.961134579061081,11.7346589866747557,false,1,ryanjthomas@fs.fed.us,2019-05-13 20:52:50.288844,68.5,BingAerial,1162994,11630,1187,Cambodia,1,Other Tree,No,,Plantation,Natural Forest
6991152,134030818,103.961269326353701,11.7341312618932285,false,1,ryanjthomas@fs.fed.us,2019-05-13 20:52:50.288844,68.5,BingAerial,1162994,11630,1187,Cambodia,1,Other Tree,No,,Plantation,Natural Forest
6991152,134030819,103.961269326353701,11.7342631931832599,false,1,ryanjthomas@fs.fed.us,2019-05-13 20:52:50.288844,68.5,BingAerial,1162994,11630,1187,Cambodia,1,Other Tree,No,,Plantation,Natural Forest
6991152,134030820,103.961269326353701,11.7343951244102023,false,1,ryanjthomas@fs.fed.us,2019-05-13 20:52:50.288844,68.5,BingAerial,1162994,11630,1187,Cambodia,1,Other Tree,No,,Plantation,Natural Forest
6991152,134030821,103.961269326353701,11.7345270555740306,false,1,ryanjthomas@fs.fed.us,2019-05-13 20:52:50.288844,68.5,BingAerial,1162994,11630,1187,Cambodia,1,Other Tree,No,,Plantation,Natural Forest
6991152,134030822,103.961269326353701,11.7346589866747557,false,1,ryanjthomas@fs.fed.us,2019-05-13 20:52:50.288844,68.5,BingAerial,1162994,11630,1187,Cambodia,1,Other Tree,No,,Plantation,Natural Forest
6991152,134030823,103.961269326353701,11.7347909177123917,false,1,ryanjthomas@fs.fed.us,2019-05-13 20:52:50.288844,68.5,BingAerial,1162994,11630,1187,Cambodia,1,Other Tree,No,,Plantation,Natural Forest
6991152,134030824,103.961404073646335,11.7341312618932285,false,1,ryanjthomas@fs.fed.us,2019-05-13 20:52:50.288844,68.5,BingAerial,1162994,11630,1187,Cambodia,1,Other Tree,No,,Plantation,Natural Forest
6991152,134030825,103.961404073646335,11.7342631931832599,false,1,ryanjthomas@fs.fed.us,2019-05-13 20:52:50.288844,68.5,BingAerial,1162994,11630,1187,Cambodia,1,Other Tree,No,,Plantation,Natural Forest
6991152,134030826,103.961404073646335,11.7343951244102023,false,1,ryanjthomas@fs.fed.us,2019-05-13 20:52:50.288844,68.5,BingAerial,1162994,11630,1187,Cambodia,1,Other Tree,No,,Plantation,Natural Forest
6991152,134030827,103.961404073646335,11.7345270555740306,false,1,ryanjthomas@fs.fed.us,2019-05-13 20:52:50.288844,68.5,BingAerial,1162994,11630,1187,Cambodia,1,Other Tree,No,,Plantation,Natural Forest
6991152,134030828,103.961404073646335,11.7346589866747557,false,1,ryanjthomas@fs.fed.us,2019-05-13 20:52:50.288844,68.5,BingAerial,1162994,11630,1187,Cambodia,1,Other Tree,No,,Plantation,Natural Forest
6991152,134030829,103.961404073646335,11.7347909177123917,false,1,ryanjthomas@fs.fed.us,2019-05-13 20:52:50.288844,68.5,BingAerial,1162994,11630,1187,Cambodia,1,Other Tree,No,,Plantation,Natural Forest
6991152,134030830,103.961538820938941,11.7342631931832599,false,1,ryanjthomas@fs.fed.us,2019-05-13 20:52:50.288844,68.5,BingAerial,1162994,11630,1187,Cambodia,1,Other Tree,No,,Plantation,Natural Forest
6991152,134030831,103.961538820938941,11.7343951244102023,false,1,ryanjthomas@fs.fed.us,2019-05-13 20:52:50.288844,68.5,BingAerial,1162994,11630,1187,Cambodia,1,Other Tree,No,,Plantation,Natural Forest
6991152,134030832,103.961538820938941,11.7345270555740306,false,1,ryanjthomas@fs.fed.us,2019-05-13 20:52:50.288844,68.5,BingAerial,1162994,11630,1187,Cambodia,1,Other Tree,No,,Plantation,Natural Forest
6991152,134030833,103.961538820938941,11.7346589866747557,false,1,ryanjthomas@fs.fed.us,2019-05-13 20:52:50.288844,68.5,BingAerial,1162994,11630,1187,Cambodia,1,Other Tree,No,,Plantation,Natural Forest
6991152,134030834,103.961673568231561,11.7343951244102023,false,1,ryanjthomas@fs.fed.us,2019-05-13 20:52:50.288844,68.5,BingAerial,1162994,11630,1187,Cambodia,1,Other Tree,No,,Plantation,Natural Forest
6991152,134030835,103.961673568231561,11.7345270555740306,false,1,ryanjthomas@fs.fed.us,2019-05-13 20:52:50.288844,68.5,BingAerial,1162994,11630,1187,Cambodia,1,Other Tree,No,,Plantation,Natural Forest
6991153,134030836,106.137461631768446,13.4697406996046212,false,1,ryanjthomas@fs.fed.us,2019-05-13 20:54:52.874061,162.9,BingAerial,1162998,11630,1188,Cambodia,1,Herbaceous,No,,Other,Natural Forest
6991153,134030837,106.137461631768446,13.4698717403774069,false,1,ryanjthomas@fs.fed.us,2019-05-13 20:54:52.874061,162.9,BingAerial,1162998,11630,1188,Cambodia,1,Herbaceous,No,,Other,Natural Forest
6991153,134030838,106.13759637906108,13.4696096587600564,false,1,ryanjthomas@fs.fed.us,2019-05-13 20:54:52.874061,162.9,BingAerial,1162998,11630,1188,Cambodia,1,Herbaceous,No,,Other,Natural Forest
6991153,134030839,106.13759637906108,13.4697406996046212,false,1,ryanjthomas@fs.fed.us,2019-05-13 20:54:52.874061,162.9,BingAerial,1162998,11630,1188,Cambodia,1,Herbaceous,No,,Other,Natural Forest
6991153,134030840,106.13759637906108,13.4698717403774069,false,1,ryanjthomas@fs.fed.us,2019-05-13 20:54:52.874061,162.9,BingAerial,1162998,11630,1188,Cambodia,1,Herbaceous,No,,Other,Natural Forest
6991153,134030841,106.13759637906108,13.4700027810784153,false,1,ryanjthomas@fs.fed.us,2019-05-13 20:54:52.874061,162.9,BingAerial,1162998,11630,1188,Cambodia,1,Herbaceous,No,,Other,Natural Forest
6991153,134030842,106.137731126353685,13.4694786178437127,false,1,ryanjthomas@fs.fed.us,2019-05-13 20:54:52.874061,162.9,BingAerial,1162998,11630,1188,Cambodia,1,Herbaceous,No,,Other,Natural Forest
6991153,134030843,106.137731126353685,13.4696096587600564,false,1,ryanjthomas@fs.fed.us,2019-05-13 20:54:52.874061,162.9,BingAerial,1162998,11630,1188,Cambodia,1,Herbaceous,No,,Other,Natural Forest
6991153,134030844,106.137731126353685,13.4697406996046212,false,1,ryanjthomas@fs.fed.us,2019-05-13 20:54:52.874061,162.9,BingAerial,1162998,11630,1188,Cambodia,1,Herbaceous,No,,Other,Natural Forest
6991153,134030845,106.137731126353685,13.4698717403774069,false,1,ryanjthomas@fs.fed.us,2019-05-13 20:54:52.874061,162.9,BingAerial,1162998,11630,1188,Cambodia,1,Herbaceous,No,,Other,Natural Forest
6991153,134030846,106.137731126353685,13.4700027810784153,false,1,ryanjthomas@fs.fed.us,2019-05-13 20:54:52.874061,162.9,BingAerial,1162998,11630,1188,Cambodia,1,Herbaceous,No,,Other,Natural Forest
6991153,134030847,106.137731126353685,13.4701338217076181,false,1,ryanjthomas@fs.fed.us,2019-05-13 20:54:52.874061,162.9,BingAerial,1162998,11630,1188,Cambodia,1,Herbaceous,No,,Other,Natural Forest
6991153,134030848,106.137865873646305,13.4694786178437127,false,1,ryanjthomas@fs.fed.us,2019-05-13 20:54:52.874061,162.9,BingAerial,1162998,11630,1188,Cambodia,1,Herbaceous,No,,Other,Natural Forest
6991153,134030849,106.137865873646305,13.4696096587600564,false,1,ryanjthomas@fs.fed.us,2019-05-13 20:54:52.874061,162.9,BingAerial,1162998,11630,1188,Cambodia,1,Herbaceous,No,,Other,Natural Forest
6991153,134030850,106.137865873646305,13.4697406996046212,false,1,ryanjthomas@fs.fed.us,2019-05-13 20:54:52.874061,162.9,BingAerial,1162998,11630,1188,Cambodia,1,Herbaceous,No,,Other,Natural Forest
6991153,134030851,106.137865873646305,13.4698717403774069,false,1,ryanjthomas@fs.fed.us,2019-05-13 20:54:52.874061,162.9,BingAerial,1162998,11630,1188,Cambodia,1,Herbaceous,No,,Other,Natural Forest
6991153,134030852,106.137865873646305,13.4700027810784153,false,1,ryanjthomas@fs.fed.us,2019-05-13 20:54:52.874061,162.9,BingAerial,1162998,11630,1188,Cambodia,1,Herbaceous,No,,Other,Natural Forest
6991153,134030853,106.137865873646305,13.4701338217076181,false,1,ryanjthomas@fs.fed.us,2019-05-13 20:54:52.874061,162.9,BingAerial,1162998,11630,1188,Cambodia,1,Herbaceous,No,,Other,Natural Forest
6991153,134030854,106.138000620938925,13.4696096587600564,false,1,ryanjthomas@fs.fed.us,2019-05-13 20:54:52.874061,162.9,BingAerial,1162998,11630,1188,Cambodia,1,Herbaceous,No,,Other,Natural Forest
6991153,134030855,106.138000620938925,13.4697406996046212,false,1,ryanjthomas@fs.fed.us,2019-05-13 20:54:52.874061,162.9,BingAerial,1162998,11630,1188,Cambodia,1,Herbaceous,No,,Other,Natural Forest
6991153,134030856,106.138000620938925,13.4698717403774069,false,1,ryanjthomas@fs.fed.us,2019-05-13 20:54:52.874061,162.9,BingAerial,1162998,11630,1188,Cambodia,1,Herbaceous,No,,Other,Natural Forest
6991153,134030857,106.138000620938925,13.4700027810784153,false,1,ryanjthomas@fs.fed.us,2019-05-13 20:54:52.874061,162.9,BingAerial,1162998,11630,1188,Cambodia,1,Herbaceous,No,,Other,Natural Forest
6991153,134030858,106.138135368231545,13.4697406996046212,false,1,ryanjthomas@fs.fed.us,2019-05-13 20:54:52.874061,162.9,BingAerial,1162998,11630,1188,Cambodia,1,Herbaceous,No,,Other,Natural Forest
6991153,134030859,106.138135368231545,13.4698717403774069,false,1,ryanjthomas@fs.fed.us,2019-05-13 20:54:52.874061,162.9,BingAerial,1162998,11630,1188,Cambodia,1,Herbaceous,No,,Other,Natural Forest
6991154,134030860,105.972510131768473,13.4358656303375827,false,1,ryanjthomas@fs.fed.us,2019-05-13 20:57:05.807216,173.3,BingAerial,1162999,11630,1189,Cambodia,1,Other Tree,No,,Natural Forest,Other
6991154,134030861,105.972510131768473,13.4359966896444796,false,1,ryanjthomas@fs.fed.us,2019-05-13 20:57:05.807216,173.3,BingAerial,1162999,11630,1189,Cambodia,1,Other Tree,No,,Natural Forest,Other
6991154,134030862,105.972644879061093,13.4357345709590739,false,1,ryanjthomas@fs.fed.us,2019-05-13 20:57:05.807216,173.3,BingAerial,1162999,11630,1189,Cambodia,1,Other Tree,No,,Natural Forest,Other
6991154,134030863,105.972644879061093,13.4358656303375827,false,1,ryanjthomas@fs.fed.us,2019-05-13 20:57:05.807216,173.3,BingAerial,1162999,11630,1189,Cambodia,1,Other Tree,No,,Natural Forest,Other
6991154,134030864,105.972644879061093,13.4359966896444796,false,1,ryanjthomas@fs.fed.us,2019-05-13 20:57:05.807216,173.3,BingAerial,1162999,11630,1189,Cambodia,1,Other Tree,No,,Natural Forest,Other
6991154,134030865,105.972644879061093,13.436127748879775,false,1,ryanjthomas@fs.fed.us,2019-05-13 20:57:05.807216,173.3,BingAerial,1162999,11630,1189,Cambodia,1,Other Tree,No,,Natural Forest,Other
6991154,134030866,105.972779626353699,13.4356035115089245,false,1,ryanjthomas@fs.fed.us,2019-05-13 20:57:05.807216,173.3,BingAerial,1162999,11630,1189,Cambodia,1,Other Tree,No,,Natural Forest,Other
6991154,134030867,105.972779626353699,13.4357345709590739,false,1,ryanjthomas@fs.fed.us,2019-05-13 20:57:05.807216,173.3,BingAerial,1162999,11630,1189,Cambodia,1,Other Tree,No,,Natural Forest,Other
6991154,134030868,105.972779626353699,13.4358656303375827,false,1,ryanjthomas@fs.fed.us,2019-05-13 20:57:05.807216,173.3,BingAerial,1162999,11630,1189,Cambodia,1,Other Tree,No,,Natural Forest,Other
6991154,134030869,105.972779626353699,13.4359966896444796,false,1,ryanjthomas@fs.fed.us,2019-05-13 20:57:05.807216,173.3,BingAerial,1162999,11630,1189,Cambodia,1,Other Tree,No,,Natural Forest,Other
6991154,134030870,105.972779626353699,13.436127748879775,false,1,ryanjthomas@fs.fed.us,2019-05-13 20:57:05.807216,173.3,BingAerial,1162999,11630,1189,Cambodia,1,Other Tree,No,,Natural Forest,Other
6991154,134030871,105.972779626353699,13.4362588080434318,false,1,ryanjthomas@fs.fed.us,2019-05-13 20:57:05.807216,173.3,BingAerial,1162999,11630,1189,Cambodia,1,Other Tree,No,,Natural Forest,Other
6991154,134030872,105.972914373646333,13.4356035115089245,false,1,ryanjthomas@fs.fed.us,2019-05-13 20:57:05.807216,173.3,BingAerial,1162999,11630,1189,Cambodia,1,Other Tree,No,,Natural Forest,Other
6991154,134030873,105.972914373646333,13.4357345709590739,false,1,ryanjthomas@fs.fed.us,2019-05-13 20:57:05.807216,173.3,BingAerial,1162999,11630,1189,Cambodia,1,Other Tree,No,,Natural Forest,Other
6991154,134030874,105.972914373646333,13.4358656303375827,false,1,ryanjthomas@fs.fed.us,2019-05-13 20:57:05.807216,173.3,BingAerial,1162999,11630,1189,Cambodia,1,Other Tree,No,,Natural Forest,Other
6991154,134030875,105.972914373646333,13.4359966896444796,false,1,ryanjthomas@fs.fed.us,2019-05-13 20:57:05.807216,173.3,BingAerial,1162999,11630,1189,Cambodia,1,Other Tree,No,,Natural Forest,Other
6991154,134030876,105.972914373646333,13.436127748879775,false,1,ryanjthomas@fs.fed.us,2019-05-13 20:57:05.807216,173.3,BingAerial,1162999,11630,1189,Cambodia,1,Other Tree,No,,Natural Forest,Other
6991154,134030877,105.972914373646333,13.4362588080434318,false,1,ryanjthomas@fs.fed.us,2019-05-13 20:57:05.807216,173.3,BingAerial,1162999,11630,1189,Cambodia,1,Other Tree,No,,Natural Forest,Other
6991154,134030878,105.973049120938938,13.4357345709590739,false,1,ryanjthomas@fs.fed.us,2019-05-13 20:57:05.807216,173.3,BingAerial,1162999,11630,1189,Cambodia,1,Other Tree,No,,Natural Forest,Other
6991154,134030879,105.973049120938938,13.4358656303375827,false,1,ryanjthomas@fs.fed.us,2019-05-13 20:57:05.807216,173.3,BingAerial,1162999,11630,1189,Cambodia,1,Other Tree,No,,Natural Forest,Other
6991154,134030880,105.973049120938938,13.4359966896444796,false,1,ryanjthomas@fs.fed.us,2019-05-13 20:57:05.807216,173.3,BingAerial,1162999,11630,1189,Cambodia,1,Other Tree,No,,Natural Forest,Other
6991154,134030881,105.973049120938938,13.436127748879775,false,1,ryanjthomas@fs.fed.us,2019-05-13 20:57:05.807216,173.3,BingAerial,1162999,11630,1189,Cambodia,1,Other Tree,No,,Natural Forest,Other
6991154,134030882,105.973183868231558,13.4358656303375827,false,1,ryanjthomas@fs.fed.us,2019-05-13 20:57:05.807216,173.3,BingAerial,1162999,11630,1189,Cambodia,1,Other Tree,No,,Natural Forest,Other
6991154,134030883,105.973183868231558,13.4359966896444796,false,1,ryanjthomas@fs.fed.us,2019-05-13 20:57:05.807216,173.3,BingAerial,1162999,11630,1189,Cambodia,1,Other Tree,No,,Natural Forest,Other