X,Y,id
"117.320633708179","-9.0068668902947","6369"
"117.468491025441","-8.93494723842429","2738"
"117.642682131675","-8.92962239665621","4008"
"117.476697920073","-8.91853942245632","9090"
"117.973225756264","-8.89997901711791","3132"
"117.077492172426","-8.87642169970161","1055"
"117.854784906099","-8.81683988655146","6378"
"116.418401361534","-8.81400814985619","6567"
"116.775227119836","-8.72474167378914","7711"
"115.557037871601","-8.68821531678338","9513"
"115.085275135139","-8.51685268270512","652"
"117.513767732895","-8.48135031176741","7866"
"117.080457915301","-8.47451420336773","3554"
"117.509830172724","-8.44666007180484","4048"
"116.556769470535","-8.28291429076188","9006"
"112.448843397405","-8.23407028571506","6993"
"111.577258762582","-8.21303336150038","181"
"117.938505808996","-8.21287557904469","1947"
"112.680733373846","-8.21089573684873","238"
"111.286038098779","-8.20890770092961","4991"
"113.529987480738","-8.15689145517649","2823"
"111.844281516479","-8.14652114423535","7361"
"115.147815685446","-8.14608597308916","1161"
"113.203261465644","-8.11951020982826","680"
"110.825098168046","-8.09816750442673","3875"
"114.326617593527","-8.07332113296388","5969"
"114.410394514295","-8.07244408712489","4500"
"111.611782409431","-8.06969651618124","2600"
"111.979021414107","-8.03485277093858","6752"
"114.268728335045","-8.03352575201183","4764"
"110.368125253877","-8.0230590220562","1935"
"111.026313288428","-7.97998812585126","4631"
"112.019174189238","-7.96292360603957","5595"
"113.99542499207","-7.94667840908124","6229"
"112.889293324827","-7.9450070388437","3293"
"113.221436445835","-7.92870168353579","399"
"114.260829282845","-7.9203119711205","241"
"110.598397628748","-7.87205177716771","7804"
"111.565829171679","-7.85777754879479","4362"
"111.846158483427","-7.83381082041296","7984"
"112.159141927758","-7.81224747893793","6779"
"113.598369870573","-7.78791448996168","9878"
"113.735317088513","-7.77669024845613","7347"
"112.18354648838","-7.76492712598605","7982"
"113.183201867073","-7.75691631773384","1838"
"112.213458668982","-7.74920266257277","7814"
"110.856963169814","-7.73945804954928","597"
"110.341408113594","-7.72583365779701","7388"
"114.262418962265","-7.72513537020114","6148"
"110.052198922942","-7.70221871991794","5349"
"112.751236151927","-7.70033636063448","392"
"110.345361423591","-7.67548424700033","7718"
"110.672445229464","-7.67002409593522","4783"
"111.627198319947","-7.669596654462","161"
"110.25782931617","-7.65891717458788","2252"
"108.05116280452","-7.65305303996576","911"
"107.89675089274","-7.64112957736808","9327"
"110.310883103473","-7.64096020265117","5664"
"108.875486871522","-7.64064363499568","4897"
"111.048106554174","-7.63978337500271","1510"
"111.807486215417","-7.60497957404806","487"
"109.934195172969","-7.57544706562953","7830"
"108.322731735681","-7.52334653631357","5270"
"110.798776912924","-7.52128982636435","758"
"109.275658241035","-7.5168733547215","7837"
"112.082991414422","-7.51444981400766","571"
"109.853351519657","-7.49216116390653","6931"
"110.718415199102","-7.47214326599885","7709"
"107.840414222938","-7.46210490112026","4174"
"110.295352151681","-7.44778618508434","8138"
"108.960339787052","-7.43480831864895","6849"
"112.529061744904","-7.40330681385831","8533"
"110.997596157537","-7.38068668624152","8108"
"106.535956691748","-7.37491626817121","4740"
"110.651580258322","-7.37110456812127","576"
"110.646605602667","-7.37060652357218","3509"
"108.412743586947","-7.32730209051903","3658"
"107.263336079696","-7.32659830087084","8511"
"109.023237262989","-7.30335354373102","76"
"107.967994721179","-7.29810037972868","5525"
"109.748334732762","-7.28927397811157","7323"
"110.201585989702","-7.27918143897216","5416"
"110.521213651389","-7.27894745785886","5513"
"110.169287171166","-7.26477557683137","1870"
"110.77650689138","-7.25100824593375","8869"
"110.024395657933","-7.23884144567614","7415"
"111.956871062649","-7.22362802561287","1474"
"106.702889509144","-7.21119718530184","2614"
"107.776290383794","-7.20985874858235","982"
"108.914162316838","-7.20434491968223","5243"
"111.423728439116","-7.19668845510807","1239"
"112.453912175207","-7.19589460375289","4775"
"112.314643864623","-7.18086628125383","4919"
"111.829503692941","-7.17765339748627","1392"
"109.755069807726","-7.15100755635359","7100"
"111.655005751514","-7.15001717795036","8143"
"109.511575276378","-7.1210001789151","809"
"110.647948276092","-7.10171365825869","5475"
"109.586401018192","-7.09533279567194","9914"
"109.500658683951","-7.0933742188451","3226"
"107.351944070363","-7.08590180052761","172"
"106.589475523876","-7.0814044537525","3879"
"107.180676730247","-7.07038599241957","3135"
"107.533344239245","-7.06430445298804","6258"
"111.844187700102","-7.0612460718487","5134"
"110.760091377215","-7.05265068088414","9473"
"112.714558498376","-7.04929646146246","789"
"109.371245044523","-7.04735540612705","4490"
"112.814678143082","-7.04506578345911","9855"
"108.027388540948","-7.0397623437571","8854"
"107.205759331128","-7.02891552073464","9066"
"109.970391734191","-7.02126388102323","6730"
"112.44373308981","-7.01577221411634","1644"
"107.486572984456","-7.01404244640173","9908"
"109.841296658914","-7.00998039757724","5028"
"110.398600510805","-7.00749063168723","5113"
"108.399812385433","-7.00429891256471","7744"
"108.540697973832","-7.0042687618938","9048"
"113.943054383753","-6.99023895936045","4235"
"113.506053927447","-6.97638244449416","8925"
"111.303350967273","-6.97630681420804","4093"
"108.099870405795","-6.96968055181594","3463"
"112.993255327472","-6.94002393605575","166"
"110.907680163209","-6.93842654584836","3580"
"106.760091931098","-6.93340593663464","8486"
"112.832830601551","-6.92923889286055","4979"
"106.321674419339","-6.92026919776521","4492"
"109.272156983358","-6.92025866940202","4177"
"110.962280606365","-6.90839912521943","1636"
"109.715313951078","-6.87111073577177","666"
"108.494818132451","-6.86666272850209","3473"
"107.186882384215","-6.86586342635599","2998"
"108.197267023854","-6.82255837456927","5504"
"111.699729881329","-6.81589209414477","7318"
"107.767246527006","-6.77878281727317","189"
"108.05724583143","-6.77851355755462","1373"
"105.201380485721","-6.58163653739626","4628"
"105.910185192493","-6.47532602267773","9245"
"105.941973903873","-6.46371589377344","9063"
"105.95851462435","-6.29857212110647","6540"
"105.95962129139","-6.13317386188419","6511"
"105.140240257182","-5.75904578863219","1664"
"105.408728552581","-5.60078422271368","9689"
"105.738115123814","-5.54798013667391","2175"
"105.75903528545","-5.50476582648167","9995"
"105.234114302733","-5.50313698518369","6526"
"105.291590525982","-5.44400057296804","5054"
"104.754526060629","-5.43663078258453","6223"
"105.271298470648","-5.43123182948528","5345"
"104.789107373806","-5.42293653059636","6578"
"104.745491576575","-5.3730799473816","3987"
"104.32595053419","-5.24984788347302","6822"
"104.461541896441","-5.23454984439974","9458"
"104.854656126679","-5.21747920470148","9241"
"104.712613999337","-5.18488665589439","9740"
"104.852402350988","-5.14251329095555","6399"
"104.570057006526","-5.14245073051677","5791"
"105.739967440345","-5.05850168130752","6293"
"105.344778759232","-5.0052990867834","5696"
"103.762408805622","-4.97534175751605","6804"
"104.693400411","-4.96110172766254","1171"
"103.784462229049","-4.89501774237488","3823"
"103.747836277522","-4.84765325699215","4025"
"104.739603589234","-4.84456918042326","4689"
"104.864977994739","-4.77198983536255","1740"
"104.79749771125","-4.76697118846954","5553"
"103.788710523872","-4.74573603928673","5184"
"103.945211748723","-4.73113195127848","2184"
"103.3682094588","-4.66108765387207","5563"
"104.740662688432","-4.62515209119601","930"
"104.903650446211","-4.60422242732312","6476"
"103.168235790449","-4.60105766717754","9466"
"105.30983732873","-4.57291828055418","2069"
"100.013492488987","-2.7010375774222","5080"
"102.957410958949","-4.34066828571275","4223"
"102.796959691337","-4.21434444074328","3029"
"102.84964868394","-4.19810348408845","8173"
"102.495518991508","-4.11863846359415","3088"
"102.470310834478","-4.03672426900977","6067"
"102.910205832533","-4.02472468959269","3649"
"102.353242484653","-3.78060568250618","3812"
"102.962302750172","-3.63123321983716","3619"
"102.610003797737","-3.57364915528422","2083"
"103.055301353375","-3.51208582000453","2009"
"103.989168496929","-4.53798281345604","7257"
"105.477344260729","-4.48837979049489","2463"
"104.663843537249","-4.48256101407947","4929"
"103.153663448509","-4.41038185653741","23"
"103.578510766159","-4.38733608968874","9013"
"103.360545460605","-4.37870398659965","4062"
"105.374599776459","-4.36514638389843","1377"
"103.36191345804","-4.36199396604866","3611"
"103.636161892258","-4.33626641816062","892"
"103.588144931643","-4.29326451704378","6841"
"103.78708826741","-4.1624272121461","1287"
"105.477590710943","-4.12215377947331","463"
"104.295218583771","-4.11635762190667","8601"
"105.156213366953","-4.10367640584138","4181"
"104.359412174332","-4.10314296847315","421"
"103.63066149743","-4.08636056238998","3104"
"105.145398669513","-4.04392312884926","5443"
"105.134003530738","-4.03082102287186","3039"
"104.697666778599","-3.99961727012089","738"
"105.378805718609","-3.98348528521768","9565"
"105.348334750548","-3.90939955594473","6389"
"104.929248575361","-3.90068944566133","1475"
"105.234573186304","-3.86177077240319","4644"
"104.129023796811","-3.81249673223834","3655"
"105.546723828742","-3.74134159583792","1590"
"105.40828850621","-3.72864166937751","5484"
"105.110156273693","-3.56574961385354","1494"
"105.216988586754","-3.54729743382944","493"
"104.739173022617","-3.53337742233015","5076"
"105.186275592245","-3.51699569659405","7591"
"105.732349959583","-3.49315250988036","2983"
"102.210440559684","-3.40634194652358","5026"
"101.855694639196","-3.39038301906101","9279"
"102.060641986538","-3.29577861249294","4070"
"101.822596542796","-3.28369652477477","2423"
"101.61315130369","-3.23577469264791","6683"
"102.012339912057","-3.22401862895651","1224"
"102.041726779767","-3.17457511335073","4067"
"102.047114950894","-3.13566984718562","7874"
"101.528337306322","-3.0317371201719","3487"
"102.425058774743","-3.03161916689101","5256"
"100.257064835074","-3.01998814313822","3091"
"100.313368124739","-3.00502477147597","4291"
"102.42121705982","-2.95429816612744","2745"
"102.981943843833","-2.84639853676299","7976"
"101.927964106658","-2.83659373391362","9205"
"102.5689845465","-2.80429570228478","9646"
"101.870745111098","-2.7728359979829","8568"
"102.114964662389","-2.7686419070983","7367"
"102.422122919038","-2.75847569999354","5853"
"102.986522833762","-2.71878367902355","4014"
"102.042788874607","-2.67447444783744","4240"
"101.351494803542","-2.66110608317916","6035"
"102.789169895974","-2.64903478282889","1985"
"101.007951670333","-2.45763729682375","6589"
"101.394418219925","-2.41720041146976","5770"
"104.469445349923","-3.40629348475647","871"
"103.881938819321","-3.28318710380177","1371"
"103.855954815363","-3.22406754667986","1480"
"103.679817237176","-3.05556558678234","6328"
"104.511618138167","-3.03766146800228","857"
"103.692450893494","-3.0319834750573","9832"
"103.55681161986","-2.99075813787772","1120"
"105.140761581582","-3.47629958166033","6740"
"104.791063748193","-3.4292380185197","5955"
"104.771764759336","-3.33663302789188","8905"
"104.743394607575","-3.31442398937554","5466"
"105.553071310293","-3.26796520133291","2221"
"104.90342077375","-3.2208195434871","1453"
"105.135000589306","-3.13110611875231","1619"
"105.874944733812","-3.12473456504807","7025"
"103.341868796308","-2.68962328668528","8967"
"104.109835218621","-2.67807441330348","7684"
"103.35230240783","-2.6432844277341","2629"
"103.822992235104","-2.58230346103585","9419"
"103.200992325236","-2.49347282970729","6194"
"103.675153164187","-2.49332628517988","9715"
"103.668415750087","-2.44910695382282","6777"
"105.241528571786","-2.89693072307438","7484"
"105.280543451819","-2.85573455540538","439"
"105.105411802213","-2.78690047837432","4267"
"104.614867819294","-2.70798640504853","6906"
"105.094125743109","-2.58992269008002","3408"
"105.425086127023","-2.51880178097736","8536"
"105.287730343481","-2.47989438072102","5400"
"105.489548661641","-2.42713919801554","1608"
"105.341202443238","-2.40004272549135","7611"
"105.206502536663","-2.39918112820646","5732"
"111.49864873655","-6.71310879333612","5485"
"107.142363904171","-6.71213340843002","1309"
"111.595241384083","-6.7101560942283","3451"
"111.603000010742","-6.69902239646638","8637"
"107.549060581781","-6.69282669349707","5106"
"107.471130135647","-6.65949419959759","6345"
"107.518033777837","-6.65648724529007","964"
"106.763405004737","-6.63353648731896","4239"
"108.350520531497","-6.59126039575062","6668"
"106.400659022896","-6.58421930038037","3149"
"108.26695687416","-6.580599015632","554"
"107.501858787353","-6.55908203420847","1613"
"106.714107719795","-6.55308022687092","2317"
"111.036390730648","-6.53506543302325","4975"
"107.449228767793","-6.53097243762784","1396"
"106.220932348449","-6.52049704810025","8667"
"108.046243922119","-6.46603028197188","5582"
"106.422160358814","-6.44282296540746","359"
"108.06331037997","-6.40951151024797","7225"
"107.646020794824","-6.24677533061697","3911"
"106.929350898925","-6.20678448471614","4805"
"106.838637639416","-6.18628645225795","9571"
"106.322476763892","-6.16688180295279","3592"
"106.657434614516","-6.05758464151796","2032"
"107.023962835516","-6.0422991704703","9156"
"111.96716284479","-3.42694757836802","4331"
"111.930180869651","-3.23759549333732","1113"
"106.887825436395","-2.98187220923501","7584"
"111.872458536133","-2.98087235557472","9691"
"111.098139007909","-2.96945624011335","3141"
"108.001982163446","-2.94708895329251","2685"
"111.928614499759","-2.91421203615647","3959"
"108.134210331042","-2.89931887996227","6276"
"107.705439302782","-2.891985032783","7965"
"112.067344824204","-2.85026619622795","1497"
"110.670932637231","-2.83418225220913","7670"
"110.637808588196","-2.74186740985306","7642"
"106.192068294416","-2.70283885652793","6129"
"110.54450141231","-2.66802580694537","1703"
"106.261119188999","-2.63743213718334","6756"
"111.518616458583","-2.59000714451406","4021"
"110.46756838897","-2.53829386147248","742"
"114.878013456256","-4.00605262263036","6958"
"115.013846151579","-3.97966830075143","4804"
"115.188787807711","-3.86956446992428","8428"
"116.130424946254","-3.84025271718912","4165"
"115.125194293382","-3.77491972786311","9143"
"115.278547258849","-3.76983163532168","6483"
"115.172069467532","-3.57849978183941","6674"
"116.189691094668","-3.56205573038761","2424"
"115.957816819491","-3.55757019081159","5438"
"115.5729825565","-3.3984087353748","9960"
"114.487313454253","-3.34117844163171","1343"
"112.692259828928","-3.33164448130771","2307"
"115.170562371057","-3.31615857385907","4515"
"115.404474468622","-3.3068665293668","9330"
"113.899773765647","-3.27958020546208","790"
"114.308796891363","-3.2539608918816","8410"
"114.329403564623","-3.24881013547935","1802"
"114.70940148589","-3.205386625892","4384"
"115.265964265838","-3.15829049640922","936"
"114.715515287601","-3.14964959884986","1775"
"112.513489340661","-3.13690710118175","6179"
"112.50219568948","-3.1332079063198","1083"
"114.398538838996","-3.12904661191158","4516"
"113.928605501643","-3.10468134896502","7321"
"112.530206061161","-3.10357111341608","3430"
"116.131779882835","-3.09858017283665","1819"
"114.779264294712","-3.08578725198004","8864"
"113.1253368714","-3.04412697747796","4445"
"112.192904992771","-2.97540300894167","5749"
"112.492605675312","-2.96747359473056","1731"
"113.278640041405","-2.94842002996035","4907"
"115.882106060247","-2.92654433685163","497"
"113.48776559041","-2.88739905602159","3054"
"115.440824417313","-2.78634753291226","6590"
"113.74877873625","-2.77612888903695","1700"
"113.567166772529","-2.75843994025098","4002"
"113.76993571636","-2.72727137077709","3872"
"113.264966460334","-2.71666990079524","6477"
"116.260173554366","-2.68287912766954","8823"
"115.478522978553","-2.67625072309232","9427"
"114.26628152797","-2.66961332529468","5544"
"113.006353392795","-2.65944217731459","581"
"113.387526834995","-2.60833617857173","3749"
"113.901292063178","-2.56534596504423","5430"
"115.395315073232","-2.56280369763249","2554"
"112.149774634292","-2.54794107162309","112"
"114.843638551878","-2.54763826719221","5431"
"113.549593518826","-2.50305340189294","1648"
"116.520801149154","-2.47238023386063","2878"
"115.87609918433","-2.45196860466734","4794"
"115.448565960451","-2.44762021440135","180"
"113.408629309895","-2.42915763012047","3967"
"116.372673924662","-2.42439181323152","3891"
"123.119646253572","-10.695544145346","7841"
"123.239101941901","-10.6817384394773","2154"
"123.811225809024","-10.334746002426","9461"
"123.568590203975","-10.3263202658675","8221"
"123.668985776872","-10.2848252336975","4420"
"123.648900300309","-10.1466583803799","8623"
"123.984389037824","-10.057901470976","7310"
"124.033365819677","-9.97598717926485","7451"
"123.928380321095","-9.92316824721678","6896"
"124.588904360848","-9.88437408869316","8258"
"120.468743884523","-9.86021631732916","3049"
"120.0756340115","-9.82070249162666","1940"
"124.369692826962","-9.70450122225355","8890"
"119.281180807548","-9.58402481869041","740"
"123.959466981216","-9.38630861415118","670"
"124.90848217851","-9.3349502368639","4830"
"124.979420135831","-9.33478314372707","9291"
"124.826075236383","-9.28374110926472","9356"
"121.655626255647","-8.74451352168165","3599"
"119.981146480825","-8.73989936016727","545"
"121.694340440159","-8.6820963700514","1725"
"121.754825307542","-8.62898636702715","7126"
"118.84904705138","-8.61632747932964","6297"
"118.647754848308","-8.59517488521271","6747"
"122.579715476188","-8.59180857170816","7954"
"121.11150073627","-8.55966160999526","5092"
"118.954380872679","-8.55802378177208","4083"
"123.421393536782","-8.51979504500525","8599"
"118.268548200939","-8.51513917293443","5896"
"118.824826786127","-8.50847822459036","7651"
"140.490678561966","-8.49990726910517","703"
"120.917616524083","-8.49924686455114","140"
"121.957232553939","-8.49362688777063","3096"
"120.323519708468","-8.48050607769329","6124"
"140.689217654271","-8.47608876608365","7426"
"124.099803367132","-8.43092802620737","6032"
"118.787304482116","-8.42510093106307","505"
"140.337983449676","-8.38898924156018","9053"
"140.518364750533","-8.37946285892377","578"
"138.082618559299","-8.29685073737159","7297"
"125.078956327373","-8.29284181959423","884"
"130.821993250188","-8.29176750656512","5570"
"140.596988182759","-8.26648167149187","8152"
"127.970520098924","-8.23885409983677","3514"
"130.935323018443","-8.23129251283916","7466"
"119.023458656092","-8.21205643515628","7979"
"138.432274396147","-8.21097161085112","4275"
"123.800467178018","-8.20794971700576","5174"
"141.007111884406","-8.20078772667222","3306"
"125.086799226803","-8.19228945169681","341"
"131.045193578621","-8.11270546348629","1659"
"138.84187058426","-8.09730183591097","1219"
"140.519472324988","-8.09622921360727","2805"
"140.35493663252","-8.07075063223584","2707"
"140.275667265832","-8.05885412231981","6651"
"140.856142134952","-8.0538804577169","4398"
"129.680923962871","-8.02224116509763","4580"
"139.148124474565","-8.01302707473968","596"
"139.820994285058","-7.99117131870133","6299"
"138.779998629533","-7.9821437846079","2584"
"140.651364782859","-7.9675185355519","412"
"140.860204533612","-7.94357217411647","9162"
"140.629169296226","-7.92642973254607","4425"
"140.400021933665","-7.92470903809158","3687"
"140.935692096413","-7.91646024764225","7203"
"129.582533781909","-7.90705483910949","4664"
"138.325383574992","-7.89268169070743","3497"
"138.216963148231","-7.88508968324226","4865"
"138.451986802449","-7.85892899577647","5316"
"138.765438288147","-7.83303628469673","5247"
"139.258115633829","-7.80319935396699","1594"
"139.723666966058","-7.76680187070974","1380"
"140.751781139988","-7.75020590847583","3417"
"140.487082702805","-7.7463995099294","4344"
"140.854598472042","-7.72387925652242","9552"
"140.84399392458","-7.70925936382855","2241"
"140.208420869927","-7.70065940071072","2991"
"139.604699969328","-7.68899116481037","1112"
"138.728475661922","-7.64660951621613","901"
"139.109068161866","-7.63439310036125","1450"
"140.658402548939","-7.60962275578549","2289"
"140.511443649005","-7.60702698860462","9545"
"140.868684502888","-7.59513494202389","5616"
"131.332769202037","-7.58481080587393","6031"
"139.143016370309","-7.52834399248121","4536"
"131.664214428453","-7.4910213739372","4531"
"139.224535063742","-7.47746790541947","9224"
"140.874672549699","-7.4646635811593","5073"
"138.974656979036","-7.45887178710325","6467"
"140.412329279972","-7.45363651241507","61"
"140.976220636173","-7.37710826043781","3004"
"140.655078910064","-7.34262886832755","7119"
"138.930256132115","-7.30208026559171","4990"
"140.835402565276","-7.29334792047013","8418"
"140.004839042388","-7.27917108327881","7963"
"139.751338645862","-7.27333099652822","4704"
"140.832489582928","-7.23935311855155","3233"
"139.184469983303","-7.23438766116158","8989"
"139.956142898476","-7.19054536967303","2041"
"139.477846924596","-7.18783509541328","6304"
"139.878866384476","-7.16465125295292","5737"
"139.322582889889","-7.10800358140011","1166"
"139.723896951483","-7.09290872525742","332"
"140.261687168828","-7.09112341631254","5645"
"139.696543878098","-6.94086222471185","2872"
"139.919358154555","-6.9335167573924","1635"
"138.870831865798","-6.88858153061312","98"
"140.81635865293","-6.88287178800255","8062"
"139.508147906401","-6.83065574346773","2565"
"134.252042381751","-6.79929013163422","87"
"140.047143700921","-6.7827831896924","4737"
"139.145722222603","-6.76230785432398","8761"
"139.983467780813","-6.76098715493322","8193"
"134.255999778267","-6.71068544058056","5639"
"138.982568218848","-6.68380833968308","4639"
"134.380081201486","-6.66883796500002","7680"
"140.558441011344","-6.66563303123934","1547"
"140.374325454656","-6.6490417733591","8399"
"139.843627598535","-6.63176634993704","1150"
"134.292744531135","-6.6232511847943","7452"
"138.98967364812","-6.60922375287385","2444"
"139.790164798667","-6.52526399363836","1258"
"140.590512004625","-6.48259548109655","7777"
"139.945539963499","-6.44657849200377","81"
"138.900309005656","-6.38327240100045","5095"
"141.001259199053","-6.31148941190679","2888"
"140.316422350211","-6.28563590227503","239"
"138.785886670833","-6.24545752344591","5587"
"134.720914592834","-6.23928643312234","8421"
"140.589536725839","-6.23488295758239","3635"
"139.884538372648","-6.2218653024417","5181"
"138.521043199984","-6.21610002129887","4908"
"139.497660934505","-6.15901827577278","3102"
"134.505242956897","-6.10195253278312","8950"
"138.852064401451","-6.0841561527842","1117"
"134.185872488724","-6.075335014899","9449"
"139.331263043755","-6.06669807165861","1826"
"120.449355035407","-6.04171527124271","3190"
"140.199131914606","-6.02315896771216","5569"
"139.346580947952","-6.01830057461177","9601"
"140.024041842457","-6.00824059812504","7534"
"140.991791365879","-6.00435210766358","3066"
"140.040231417246","-5.99405447183636","8746"
"139.495974483536","-5.94778079844502","4477"
"140.816532474794","-5.93862622162277","7623"
"140.6175889097","-5.92963303533628","6587"
"134.585222470541","-5.89143944047777","5406"
"120.481740919108","-5.87862504021336","9945"
"138.917426288692","-5.84575609826527","6628"
"138.315386035737","-5.83452066649551","9986"
"140.475634385319","-5.82562969715275","5693"
"138.949144718054","-5.82200092370363","5388"
"134.494661252215","-5.82058259211288","5014"
"140.314936846458","-5.80874840071806","5425"
"132.935336493484","-5.80726585753325","1580"
"140.367203016506","-5.78993914487558","1561"
"139.272652439958","-5.742791236926","1872"
"140.391376256209","-5.73257875250738","9648"
"140.413958382074","-5.72012483829059","6284"
"138.877845489578","-5.68645143748381","2502"
"138.872982491049","-5.67014118626668","6748"
"138.593658195969","-5.64520231773275","919"
"134.683386832636","-5.64249320359841","798"
"139.074206452666","-5.63396745163652","1855"
"139.491330860231","-5.62079273619577","7968"
"134.43997839159","-5.60991189991421","1585"
"138.159845379461","-5.58613680806718","5902"
"139.351092723451","-5.56668171488917","408"
"140.347200379194","-5.54644583570672","2549"
"140.065070631904","-5.5284902793029","952"
"139.227291872522","-5.52328048060963","178"
"140.018444598739","-5.51854094101157","9889"
"139.888991068983","-5.51365982024447","6301"
"140.587677878431","-5.50323770385688","3709"
"140.42435332005","-5.49867878319924","8674"
"139.748503387421","-5.46455786445381","5562"
"138.134235294723","-5.46385072483105","4774"
"140.02143681136","-5.44895615400327","2470"
"139.709519279491","-5.42941489678003","4360"
"140.421605722126","-5.42212834494711","9839"
"139.367109002479","-5.3875008803613","3702"
"122.84742151609","-5.30480766334296","750"
"138.728705999882","-5.29048635276291","1254"
"122.419897745884","-5.29038874034802","203"
"140.593218794012","-5.28700690184701","5868"
"139.192531226435","-5.28033522459089","2676"
"139.762425383725","-5.26891564044439","943"
"119.602476482304","-5.26148610180212","1369"
"138.916802521619","-5.2482553055379","8462"
"138.683957931014","-5.24728470412578","8894"
"120.098785550313","-5.24354627094363","4844"
"137.814140658265","-5.23726250995685","8880"
"122.433217941055","-5.21629535514649","604"
"138.01493924505","-5.20114088024735","3884"
"140.176077007048","-5.18482132464436","9610"
"122.905792032376","-5.18306811250335","8113"
"122.92851430679","-5.18161351665043","2131"
"140.327296124117","-5.16031413428982","244"
"138.035064790008","-5.15925891746502","1364"
"119.642083025411","-5.14669413932302","6911"
"139.087932667459","-5.13971083438747","227"
"119.973541122025","-5.12598421579889","3299"
"137.954095612922","-5.10239664159167","9805"
"138.939719915642","-5.09776112477601","2932"
"139.213253066876","-5.08197152256764","8049"
"138.300450801164","-5.05154179471799","4030"
"140.878651886975","-5.02830798772339","3525"
"138.606410688702","-5.02209421377688","5368"
"140.928098719281","-5.02182554401361","781"
"139.26298370993","-4.99047030945718","6272"
"119.906756960565","-4.9903155343344","2006"
"139.136711089445","-4.98943335516515","8019"
"140.259345815357","-4.98878928499744","5923"
"139.063835124591","-4.94938515410155","5612"
"140.076588395038","-4.94511680439695","9974"
"122.514420077625","-4.93810778874342","5826"
"122.981389543593","-4.93070524055435","954"
"122.411729069741","-4.92165803828777","8117"
"138.902655775743","-4.89537197903354","1046"
"140.748543316221","-4.85508592347657","6704"
"136.978812701645","-4.84454104153576","1583"
"122.656646682898","-4.82859646635382","9543"
"136.97416874649","-4.82189852529666","6016"
"140.401724874603","-4.82028229699034","8774"
"139.618186145174","-4.80392999707163","3183"
"139.804336932404","-4.79390821928882","9402"
"138.362820592696","-4.78513325259746","9546"
"138.057554780329","-4.78238061847071","9234"
"137.840002808583","-4.77633569223838","688"
"139.452060749904","-4.7516771360909","5304"
"137.229869281342","-4.74092179300629","4616"
"120.309084279316","-4.7235972908822","7167"
"139.790560209886","-4.71850640594585","9593"
"119.948237695313","-4.69397628287908","1025"
"123.157880435734","-4.6831243598013","8948"
"136.860711951695","-4.6821982181732","754"
"120.028513992427","-4.67649931599061","6168"
"140.21152628471","-4.67418340703858","6386"
"120.247517264011","-4.67302851115682","686"
"136.768864764897","-4.67108700256307","9572"
"140.993613851898","-4.66460543119564","1091"
"138.502637406991","-4.65104346408458","9189"
"120.278981009866","-4.64709334398259","6973"
"139.999511005329","-4.63982706286862","6052"
"138.134204985772","-4.61052757418815","8840"
"136.965663762573","-4.60595213658178","7612"
"121.479166507029","-4.59236631945004","5498"
"140.485543294587","-4.56574739502622","5841"
"137.690810322738","-4.5539405628067","7419"
"119.912703726696","-4.55044808341228","8779"
"119.787033981133","-4.54714741681977","9340"
"137.224662694128","-4.53275911214325","3516"
"136.556711661714","-4.53225367516694","8443"
"137.542498073527","-4.50432877145562","8346"
"138.345047598668","-4.50216453406597","693"
"122.674346860619","-4.4891849472275","7040"
"135.860254826499","-4.48866717065334","6709"
"121.523807257999","-4.48814977449246","8827"
"136.351932345501","-4.48230845656997","7386"
"119.95881932805","-4.46321108312492","935"
"139.23011963961","-4.4435583477395","1483"
"135.686474681661","-4.43562851984029","5120"
"119.963532337647","-4.43259750507076","1202"
"138.194734591728","-4.42300939746565","8569"
"139.723596884589","-4.40274810703949","6727"
"136.722359927968","-4.39252667346716","259"
"122.172742176111","-4.39112786256078","3678"
"138.092090235276","-4.36823934217188","25"
"137.629186901055","-4.35652452678545","6064"
"138.712928057384","-4.35262844874387","9117"
"136.638479874747","-4.32908304284808","7178"
"135.150162974941","-4.32824066587398","4701"
"137.601464425743","-4.32517368092061","860"
"139.763693740774","-4.32417976458441","8274"
"137.16342236565","-4.31675308758486","123"
"140.364478974525","-4.31048163471962","2607"
"122.140500335922","-4.29686790982612","4183"
"135.459382191735","-4.26450541749097","639"
"121.835438532063","-4.26377340891565","8910"
"139.844789284298","-4.25514898333887","7301"
"140.331307497943","-4.25256005909938","4914"
"137.266629558307","-4.24607784561601","6660"
"122.034618385031","-4.23711725525709","2792"
"122.268130545988","-4.23050685330861","8373"
"136.95056951707","-4.21582881854511","2427"
"136.557984162839","-4.2147528876356","5589"
"137.370614913647","-4.21371304382188","3284"
"138.863035296742","-4.20293341094811","1954"
"134.826307597618","-4.20226860151467","5905"
"119.689726654961","-4.19867697995863","8835"
"138.320497306506","-4.19599858396742","3734"
"121.648757656541","-4.17643237685269","9213"
"138.167327723596","-4.17075365455747","1646"
"139.703504601956","-4.16955270169581","7791"
"137.019298695379","-4.16379336237372","751"
"121.987814501938","-4.15737057519186","8609"
"138.752293757551","-4.15734552187831","9338"
"140.88778836584","-4.15421451328911","9087"
"139.744183332994","-4.1527018940771","1873"
"140.972349146496","-4.14628811450484","2231"
"135.063478356241","-4.14533135006172","1313"
"140.748733163105","-4.13872978485165","5800"
"140.721428398602","-4.13648732263181","3883"
"136.825414679244","-4.10617393557862","848"
"136.034657527923","-4.10355865400862","37"
"123.236503497439","-4.09736645479802","2155"
"137.764837668024","-4.07161225999778","786"
"121.760338517709","-4.05505586253798","3565"
"136.149825791028","-4.01592530450915","3212"
"121.920733304299","-4.00034542600054","1900"
"139.919524947319","-3.99702066746977","8160"
"140.314493213591","-3.97926479203647","9343"
"119.646895728455","-3.96769406692761","7078"
"140.560528347705","-3.96337422563994","2598"
"121.75284544646","-3.96205858313704","9358"
"140.463260059304","-3.94752276806128","3229"
"140.418778035078","-3.94064635564473","9946"
"137.048353063943","-3.9357722495896","5861"
"138.258710972633","-3.93475895376264","7150"
"122.634775784075","-3.92084090638269","2051"
"140.883462344412","-3.90708100748247","3234"
"139.599396728376","-3.87812293202762","1295"
"136.378532726804","-3.87732746728875","2728"
"133.424754053057","-3.85088504740696","9326"
"133.162041502413","-3.84444357051433","3916"
"138.783517623639","-3.83471651855245","6625"
"134.286408201178","-3.83180714068692","4669"
"119.910243876754","-3.82412277824358","2989"
"136.608451080853","-3.82226617824148","2913"
"138.019044977544","-3.81827980287056","9630"
"136.478025936148","-3.81667470277529","8179"
"138.232784773499","-3.79638091804486","9091"
"135.65937698516","-3.78652762824737","3593"
"126.598137147711","-3.78125385268311","6597"
"134.046309210402","-3.76478773996217","6315"
"138.10683346819","-3.76412684617696","2895"
"137.630151563344","-3.76319665400234","1235"
"130.59068962003","-3.75159108376147","1283"
"140.589592570141","-3.75074422546561","5034"
"138.066418461543","-3.74901741022524","9625"
"140.944534272139","-3.74833715673435","2223"
"139.986711638132","-3.74009342137424","7210"
"121.424689249409","-3.73511109629999","8898"
"126.73321319843","-3.72819074031037","6504"
"126.826766722007","-3.72695081622714","8047"
"137.633203472063","-3.72539641451289","625"
"136.823507911461","-3.7239963562468","9204"
"137.200995232244","-3.72268873209924","312"
"126.648721119684","-3.71971409672813","53"
"137.130386951097","-3.71712991281515","8265"
"134.425562363512","-3.71535809729829","2465"
"134.982430076587","-3.71386441870789","179"
"140.557070682866","-3.70485892250122","7568"
"138.565464777178","-3.68312942318431","3557"
"134.263021497744","-3.67955407126334","4834"
"136.609073049282","-3.67844410820896","5277"
"127.953898632816","-3.67155192078445","3215"
"136.556473969998","-3.66327628287411","5426"
"128.055975652854","-3.64953516181822","277"
"135.856969014009","-3.64419825924222","8729"
"136.152917235742","-3.64031480318556","9484"
"127.043254365896","-3.63697829501228","361"
"137.330549291816","-3.63600944458017","2333"
"127.20236268489","-3.63170563550665","6376"
"138.968837719685","-3.63075407993676","5567"
"134.583080229669","-3.62727720647786","4076"
"140.724686625288","-3.62614579099539","9223"
"139.528382337675","-3.62398008771083","4723"
"121.271414917065","-3.61921759201823","4020"
"138.427513295302","-3.61374635950682","9152"
"139.862169356431","-3.60665843823631","5822"
"137.087157775111","-3.60286123975436","2807"
"138.124944975131","-3.59060790762879","5703"
"139.960916863223","-3.5882149438645","5227"
"138.546328991889","-3.58382782969056","3795"
"120.000344565749","-3.58329811821352","2505"
"138.629236035315","-3.57608767870335","8145"
"135.872337327006","-3.57606580269459","2471"
"133.214080769012","-3.56403084214958","4158"
"137.868070291711","-3.53711835292961","4986"
"136.728369115143","-3.53476824365947","7233"
"135.24477987669","-3.53339434037645","5883"
"140.790449873663","-3.52599017880368","4800"
"126.366632674658","-3.522924782053","828"
"137.307588509103","-3.52034431413875","7158"
"121.667483641457","-3.51997399220591","4812"
"126.689903053783","-3.5058090818236","9153"
"120.334590365553","-3.49032538310991","9161"
"136.027243159045","-3.48716454670642","3080"
"137.160845666794","-3.48000610869491","1194"
"139.434419894163","-3.45882062007553","4055"
"139.832042183","-3.45634656534168","6038"
"138.421142399902","-3.44947817847509","4054"
"139.183206093187","-3.44856049676946","2059"
"121.644328617772","-3.44558046816405","6917"
"126.969988365071","-3.43978588890758","2320"
"140.364895581866","-3.43585928877513","8813"
"140.280045491107","-3.43250286961171","2556"
"136.632165267913","-3.4284268732016","2975"
"135.970641113697","-3.42635477944947","7910"
"121.263434626407","-3.42491416265841","7193"
"135.329464333013","-3.41521324859252","2673"
"134.521499906196","-3.41203530708373","4527"
"139.324912714051","-3.40689176864015","3794"
"140.127391321352","-3.40665159659386","5253"
"136.635127337057","-3.40615110948607","7585"
"133.834407339127","-3.3973957794916","872"
"132.964209085681","-3.3929192232435","4995"
"139.879710715677","-3.38981009426038","1464"
"118.879595670504","-3.38382747485804","538"
"130.620846325398","-3.37358255549049","3421"
"135.751062924414","-3.36983575411671","9038"
"135.163638570264","-3.36649474033993","4434"
"138.827446466781","-3.35875398950498","7809"
"138.722127831434","-3.3498913065385","6895"
"129.487942961399","-3.33960512357754","9817"
"133.962646000812","-3.33322288682672","4308"
"137.933724172633","-3.32377472092656","5798"
"138.211134067383","-3.32354250967904","3696"
"119.686659012603","-3.32345744280667","1266"
"134.492884939189","-3.31678527811806","6370"
"129.294664956123","-3.30995984467103","4798"
"136.694997736357","-3.30860497284118","5874"
"119.282966640798","-3.30592920376967","9910"
"137.372283134459","-3.30253723170784","8139"
"134.660538503849","-3.30153618644579","8659"
"129.646397859074","-3.29291711902977","8652"
"138.23796623995","-3.28891678887868","4393"
"132.860338309366","-3.28103339027871","6422"
"140.205998320266","-3.27453293045033","2081"
"137.088305991728","-3.27317732837093","8404"
"119.65319868637","-3.27302612805335","3985"
"137.945634637329","-3.2718507959774","5030"
"118.975894770327","-3.26558015340129","4876"
"138.205125078959","-3.25015612740333","8091"
"119.775520595899","-3.24782677718395","9361"
"119.252263941728","-3.247717617474","3909"
"138.596944904184","-3.24641510237501","2877"
"126.129905807008","-3.24627250587139","9068"
"139.54656053654","-3.245142416889","9671"
"139.849174096208","-3.24338248051703","2590"
"139.793518834627","-3.23742469409433","1880"
"126.552631824499","-3.23047463349747","1384"
"126.201673062462","-3.22935839047727","6189"
"126.458026350436","-3.2264854828187","6460"
"128.622052322057","-3.20207421505296","1388"
"128.020765462656","-3.19442119668082","4436"
"122.400924157824","-3.18915570477191","9902"
"139.36459953604","-3.18495438513673","3963"
"136.876621805852","-3.18270525264523","5863"
"119.788885750877","-3.18149298811085","6318"
"139.367206100481","-3.17259181685881","6377"
"137.889822129288","-3.15993422238643","6208"
"119.473876159157","-3.15847544828324","763"
"136.229425596514","-3.15768518882038","7064"
"139.545911225123","-3.15193242803906","3813"
"121.677357917834","-3.15174006844933","8114"
"120.246725636679","-3.14901638259994","2955"
"133.066280039792","-3.1465792747137","7089"
"119.169773431898","-3.14570113889641","3046"
"126.535797358461","-3.13985897561116","1172"
"128.39429637168","-3.12469010616343","6936"
"128.491595908824","-3.12305055843649","1895"
"126.855364572217","-3.12254490202554","2732"
"135.932272078194","-3.11903304853632","224"
"128.370730613227","-3.11282336380714","5524"
"130.183011632781","-3.10116122441093","6616"
"136.881687249867","-3.09539899286915","3755"
"130.022490870058","-3.08950458077175","2323"
"119.784574935185","-3.07502284013191","1410"
"121.818118603891","-3.07408409180732","4029"
"139.263924590548","-3.06822318755002","9723"
"119.719896852858","-3.05721849933423","5082"
"132.999047857673","-3.0425242758746","3454"
"136.91801303917","-3.04015423403064","4597"
"133.519650990201","-3.03519280650278","6696"
"136.356101662762","-3.02967520314809","8464"
"133.152029895963","-3.02475417496515","5127"
"133.473987861151","-3.01266770395131","965"
"128.801639297616","-2.99201855751039","2911"
"132.615174686662","-2.98250528519071","7526"
"128.233297316218","-2.9815756640856","164"
"140.455794941683","-2.98070054369509","9414"
"136.213120773605","-2.97645885619119","959"
"137.815773890053","-2.9651877087457","6280"
"140.562297792609","-2.95783330576239","5715"
"129.080781731792","-2.93974227008965","231"
"132.738292185936","-2.9380943235941","998"
"136.992485960759","-2.93668521994692","4638"
"128.900048579279","-2.93598231613095","5312"
"139.556078170571","-2.92419225626759","1653"
"140.226493819334","-2.90018332270216","3297"
"137.005443160773","-2.8936440993956","4963"
"119.445024696533","-2.888638882978","4560"
"136.157090910217","-2.88163516433133","2020"
"128.210723198817","-2.86917789834126","9195"
"133.25255598567","-2.8680747539467","881"
"119.732037559286","-2.86279473978539","2750"
"132.106329596334","-2.84257272635017","510"
"136.806550537777","-2.82613147988383","6134"
"139.3815731245","-2.79976152647322","2062"
"140.67964194472","-2.79533601484513","1273"
"138.327232055915","-2.79333374445667","9197"
"137.216257668956","-2.77598625116451","2331"
"137.56692263687","-2.77330828864655","3761"
"139.147260221582","-2.77291666537178","5460"
"121.464726259309","-2.75912961324099","8522"
"137.917610993453","-2.74132792184605","7870"
"138.67914370182","-2.73319118512507","5296"
"139.576360661615","-2.7252110797275","5204"
"137.99059023645","-2.70777135826154","8583"
"134.532325033074","-2.70469703573957","6542"
"138.312913405529","-2.68434284804397","2181"
"120.00058668123","-2.65223828396961","7047"
"121.861736682702","-2.63498793634415","8942"
"137.853094066038","-2.63411820379201","8300"
"121.457777044975","-2.63325839256072","7021"
"136.296596610345","-2.63228542053571","2046"
"136.403272810992","-2.61342825690849","4190"
"133.497649075445","-2.5992106021875","4987"
"137.411632323073","-2.59903779475837","5066"
"137.414545578815","-2.59745542772578","8546"
"121.046019680764","-2.59425202281255","9991"
"138.872254397223","-2.59137093671933","4404"
"121.725501234994","-2.56878341492262","9089"
"120.328272596703","-2.56626670174683","333"
"137.080402339496","-2.56010277542271","1402"
"138.725254536767","-2.54602916241589","5327"
"137.303435575691","-2.53792107269931","446"
"133.156041750926","-2.53435739937441","9605"
"134.049605416357","-2.52007035386367","2602"
"136.350305453934","-2.50852304889952","7621"
"133.845794607036","-2.50037171708101","6221"
"139.578759071674","-2.49319621803102","8564"
"119.443323414844","-2.48553624610082","9731"
"133.11812965466","-2.48062611230517","8303"
"139.405849712494","-2.46208949763218","8419"
"121.590922963524","-2.44343818522401","6062"
"138.320112100793","-2.43332460104943","1443"
"120.715148679568","-2.40697525560353","7702"
"103.007808400737","-2.30855271253762","6613"
"101.246759436099","-2.30840103647859","6905"
"101.44490171784","-2.17900371974582","9844"
"102.657069183896","-2.17170861446095","1643"
"101.43662813578","-2.16685047676805","8515"
"102.349625227023","-2.12862883745083","6514"
"102.235030945422","-2.10754735542605","3087"
"102.93125518358","-2.06941329208973","5918"
"102.384131727397","-1.97957015004232","6716"
"102.025005926882","-1.95208634490882","2395"
"101.525667571701","-1.94122802765133","4593"
"101.345302253596","-1.85840101579419","28"
"101.169742814479","-1.81066706283463","7571"
"101.530501893548","-1.78115568758489","9376"
"101.59369135777","-1.74161994810208","7551"
"102.338455375615","-1.73640044932125","2278"
"102.118075813948","-1.69312037350636","109"
"102.5674456455","-1.62789684696185","7035"
"102.268360667611","-1.59951692676469","7696"
"102.932471397037","-1.52629471213123","6624"
"102.536303126688","-1.52061600152717","6670"
"102.454918596816","-1.50890321321265","5638"
"102.242531223837","-1.46523421568645","3086"
"101.191938457594","-1.4628771348718","9110"
"100.978752891333","-1.43278640916543","1223"
"100.767298923806","-1.40561979671622","3093"
"102.607884136144","-1.33277880469802","928"
"103.608836599829","-2.14479248928188","1925"
"104.672320045933","-2.13479922180659","9583"
"105.4271116269","-2.11836936525395","6794"
"103.346072222155","-2.08735668066623","8485"
"104.453120564762","-2.08513309161884","6463"
"103.586330438799","-2.08363519880533","9706"
"103.875831323657","-1.99010954431998","6654"
"103.265490688844","-1.96531595316867","905"
"104.297813718728","-1.95067966403519","85"
"105.830068297514","-1.94815796052143","4130"
"105.516690875484","-1.87406692165109","4728"
"103.768545760379","-1.86612664992492","3601"
"103.120691706857","-1.81715137263768","4042"
"105.515200929979","-1.80092628092308","4092"
"105.494349535003","-1.7097120180951","1611"
"103.5904023343","-1.69563973878286","4627"
"105.661294551702","-1.66772184618623","9670"
"105.623187162258","-1.63555011894277","6521"
"105.593999665252","-1.53435630150204","6468"
"104.317441768623","-1.48590543328908","8163"
"104.22393346206","-1.44867903680807","2367"
"104.136768653051","-1.39178591688653","8054"
"104.39554090329","-1.36189923656048","3983"
"103.204691868135","-1.30803614665081","5196"
"100.528710479305","-1.24310754197944","8279"
"100.556413594012","-1.08224027496868","8487"
"102.603266658829","-1.07322960316361","2432"
"102.301801678205","-1.06377224439353","2092"
"100.486160803179","-1.05218855196006","9542"
"101.214672694789","-0.917212172203961","1471"
"100.906198376554","-0.900132479929937","2780"
"102.489549461738","-0.870630551158968","9930"
"100.365904324325","-0.755824919884105","8198"
"102.539428140396","-0.730880038482951","4766"
"102.228880463962","-0.668336101329942","8320"
"101.941819161925","-0.664709935015424","306"
"101.033975423427","-0.638933473001316","4469"
"100.519372456973","-0.626703454900451","2846"
"101.26028346531","-0.600160170655329","1938"
"102.982571040921","-0.574354619170265","744"
"100.764016530539","-0.545792980161877","2593"
"102.34954318547","-0.530973651113072","6266"
"102.116251006779","-0.509545360829691","6149"
"100.485566463721","-0.509244810999178","2535"
"100.13102932894","-0.483449462322767","8171"
"102.054469170416","-0.47221126603705","7165"
"100.660700169178","-0.464103739296092","976"
"101.764193860458","-0.463676527149971","5135"
"100.39052067349","-0.457693373550285","3944"
"100.726877616509","-0.435962449707233","2174"
"101.746705252745","-0.426638106063706","4251"
"102.539070088814","-0.401530047173878","6427"
"100.135174964353","-0.367091376365863","5578"
"101.821634375226","-0.349904263670794","1473"
"100.290921066254","-0.244661454662378","9230"
"102.243665586398","-0.235846213631817","2411"
"103.504520042166","-1.20662404216574","8483"
"103.943666284472","-1.19024644701585","8207"
"103.383143991902","-1.14440551210464","321"
"103.785338955628","-1.11855350344138","8580"
"103.229158654648","-0.76605461103145","7637"
"103.327470546029","-0.741540236892376","389"
"103.324784163159","-0.648586681629979","9109"
"103.235209172865","-0.609758973897499","45"
"103.203024775973","-0.381176237193529","1970"
"103.383726260658","-0.323462117182942","8839"
"104.498047087003","-0.241229142610791","6599"
"103.400174895955","-0.21523369028256","3890"
"98.4600085904242","-0.194133730786973","5206"
"99.5751781690373","0.143357868870623","5069"
"99.5029797875872","0.379572084284291","9927"
"97.8239569534507","0.718041143583946","8033"
"97.6775691967611","0.820623931549221","3230"
"100.039513063877","0.821037892185018","8290"
"99.1849180497283","0.858592320878927","1600"
"99.3159168440872","1.00646143904424","2056"
"99.4377436642388","1.0109352289777","9690"
"97.6588310413196","1.09353415477744","9368"
"99.8566927989336","1.10549916155713","6837"
"99.304968885106","1.15956050521316","980"
"99.4902634862709","1.21705801451583","5998"
"99.1721342219168","1.28317683953958","711"
"99.2036334001613","1.31815882496983","2206"
"97.5576509205536","1.35592707287617","2885"
"97.3762018977994","1.40057148768403","9873"
"98.9772321345554","1.44633125158606","6324"
"99.5203263896512","1.44888933717323","9171"
"98.7928119550078","1.47281267776293","7149"
"99.6500584358482","1.53386524578451","5118"
"99.1038342000883","1.53634993410225","2067"
"99.1375240387035","1.56492313749283","1743"
"99.5689534485429","1.62046029560622","6728"
"99.3430424726321","1.65878263111358","6453"
"99.0609072385782","1.72473159848454","1666"
"99.812096377346","1.76134793266101","900"
"98.7675293467021","1.78348378884584","4603"
"98.6237667398432","1.84756798317591","8891"
"100.230992793782","-0.204916852130964","920"
"102.572786685857","-0.182291309696154","6117"
"100.663323997904","-0.162752877243463","1469"
"100.683196910709","-0.111102141150866","6438"
"100.691438065015","-0.096869497429338","1365"
"100.357094775104","-0.074497572804717","2947"
"102.245914088464","-0.020960890032995","7923"
"102.648322347099","0.059392948425852","2442"
"101.988134247298","0.065101977874008","4128"
"100.703733934174","0.070077053513273","288"
"101.115881359537","0.07411375494587","5175"
"102.259483508257","0.134053495572402","8688"
"101.049332030849","0.156903469219799","1111"
"100.565045528029","0.159281395420123","3919"
"100.397360988019","0.161498833104702","8877"
"100.268495918852","0.193621243325765","7873"
"100.128639518199","0.197190576983587","9639"
"101.430659891141","0.203446840299478","8627"
"103.069476151803","0.262235626772792","2528"
"102.010327132191","0.326801765089442","5797"
"102.234617325629","0.333949879783177","5533"
"102.370485240202","0.382573241561886","9418"
"102.460085245138","0.397861298160421","3456"
"102.914125291149","0.44609757914003","8246"
"101.722716114157","0.448929335620392","3281"
"101.844099135966","0.451905664414937","4123"
"102.393342247447","0.471957384925418","7908"
"101.603532359231","0.474552743814115","3720"
"100.281493803296","0.58882997932011","6560"
"102.216094081177","0.627130841715029","8310"
"100.290311992305","0.684577086963031","7300"
"102.888230276006","0.703461198775358","5555"
"102.638866400264","0.82722569371083","3245"
"103.274972430034","-0.048006562552757","4962"
"103.445499838547","-0.020299417084402","1103"
"103.526687455562","0.235974411290101","6853"
"103.443650124654","0.484610135649291","8772"
"100.597669247338","0.909122848840468","5281"
"100.602602724836","0.912888872323663","5365"
"100.148848267534","0.914335794261547","8653"
"100.405086802014","0.997066624525132","26"
"100.437652510555","1.05291732317596","7679"
"101.390332888552","1.18332654538381","2244"
"101.548311008846","1.2439758187291","3061"
"101.66278219754","1.25295374711777","5483"
"102.408445862986","1.28392739483343","3728"
"101.330278520338","1.31250422788787","2518"
"100.780097705545","1.38680259016746","2369"
"100.872582703229","1.43532867138111","9726"
"101.528849141974","1.47251491223346","4996"
"102.256874717095","1.48163757841155","6604"
"101.031614787592","1.51583044921591","543"
"101.476406916146","1.51647549604735","2203"
"101.078428851011","1.54720142640474","4807"
"100.387598071993","1.79397784650047","4512"
"101.527349356088","1.81659899484777","8208"
"100.321825531823","1.83067927992488","4893"
"100.875381744172","1.84835794856053","5067"
"101.020610673144","1.90065775954804","6626"
"104.387256992516","1.19829589124242","3937"
"110.985961393504","-2.37072310638621","6941"
"111.231175413315","-2.32576471936625","6029"
"111.896722667617","-2.28471884819623","4169"
"112.062958450172","-2.16697336732699","6512"
"110.275892739059","-2.12061864433491","9379"
"110.869141220591","-2.06582987504862","6106"
"110.915223377057","-2.00796042503356","4607"
"111.977780900968","-1.97035203791614","2704"
"106.139478470055","-1.90438278723582","6385"
"111.354010808752","-1.8700526331225","2467"
"109.922677085179","-1.83566639368905","3527"
"110.168058611816","-1.80128754668289","3876"
"111.210513091806","-1.63041659984617","990"
"111.07631661492","-1.61699189625898","5302"
"108.96615739255","-1.59583930753797","1125"
"111.332154928607","-1.53216339552426","6856"
"111.984189618256","-1.47047070715735","6726"
"110.965399444429","-1.44166368273272","2588"
"111.516348638179","-1.33726620227338","5973"
"111.560645076509","-1.2989022947051","5594"
"111.99578516915","-1.24325295605905","2638"
"110.12892128459","-1.18870974485878","6588"
"111.755865847631","-1.18579919967328","622"
"111.126046144614","-1.13941054705907","5456"
"109.564534659147","-1.13365218530004","5241"
"110.638680312746","-1.12037914697999","6994"
"110.342567363093","-1.11974476071208","2949"
"110.452200468977","-1.07802831815229","1205"
"111.042907085993","-1.06932881627182","3254"
"111.485729651602","-1.0526323547993","8078"
"110.805741847408","-0.821886152323998","7197"
"110.007260588106","-0.787063024039298","7803"
"111.335170818578","-0.772976249454302","1378"
"110.551134993385","-0.769611446810757","3977"
"110.167676000647","-0.677302570557117","3556"
"109.793143459103","-0.675761889799332","2481"
"109.576491319319","-0.645928482613328","5514"
"110.423445107905","-0.614247445263345","3013"
"109.867603026658","-0.582064930651995","3239"
"110.150377622929","-0.5027562662886","5177"
"111.196127771979","-0.485706319091321","3312"
"110.555552519034","-0.455685222494992","508"
"109.377192542702","-0.414796907151469","3951"
"109.253316445498","-0.391226437150294","7813"
"110.332844988505","-0.390147921589289","7839"
"109.20911270119","-0.366813920226207","9191"
"109.832456971612","-0.358133407530659","9920"
"110.516075485495","-0.346361715420755","9258"
"111.565084716487","-0.334399896737807","5079"
"111.593014327249","-0.291101218446443","5128"
"112.014896671844","-0.250204498938444","1455"
"109.356550071029","-0.223135695855603","1535"
"112.693439279","-2.38031748586326","6734"
"113.211430031171","-2.3609659523168","1521"
"112.352529377829","-2.33692191641325","3424"
"114.391470067889","-2.33265339853546","6392"
"113.314054465841","-2.32320694224654","5832"
"113.983207735349","-2.20950393825609","6061"
"114.557923884779","-2.09495381696502","3746"
"113.919572581509","-2.03978545553429","3279"
"114.720503112029","-2.03834132059541","2225"
"112.530748511535","-2.03705697449971","6507"
"112.67816207542","-2.01742055641353","5804"
"113.58105678894","-2.00404004641098","3576"
"114.829916554905","-1.9643164286602","1356"
"112.541096502202","-1.94720205403149","7065"
"113.026065845862","-1.93801276427763","3449"
"113.474525067978","-1.93462789506128","2961"
"114.263061875905","-1.92947232998398","8498"
"114.822694836997","-1.90131795795736","8812"
"113.582471895562","-1.90093661932946","245"
"115.037957298491","-1.77259342404722","1498"
"112.421947437724","-1.76436537646089","2185"
"114.513692585245","-1.72301021405008","9136"
"114.449465527312","-1.7174377538492","645"
"112.176758616017","-1.51080640978796","9098"
"113.241991060039","-1.42531540997817","6365"
"113.634982062472","-1.38704314062841","2102"
"113.706109565404","-1.3660718057692","9597"
"115.801437292697","-2.37243305304293","7427"
"116.384985067907","-2.36559424128114","5527"
"115.697109432355","-2.35033948388002","9160"
"116.132536303508","-2.34173400611945","2589"
"115.843619634439","-2.29517783858631","5579"
"115.502246938545","-2.27910047670559","2674"
"115.427109658984","-2.2528085601669","1554"
"115.140474468322","-2.21599848144473","5016"
"115.653056266933","-2.15532098557497","4632"
"115.350473793231","-2.12887359064365","5282"
"115.678172668834","-1.87281800344806","1057"
"116.257708322881","-1.81622169217729","3310"
"115.888439099585","-1.73853684100237","6884"
"115.790307308236","-1.67873712931504","4506"
"116.368664513157","-1.59546348445218","8394"
"116.414682082112","-1.4965509250851","6944"
"115.937148953661","-1.40774599368262","1923"
"116.097741425626","-1.37587540982224","5819"
"115.918476798566","-1.35142940034649","8275"
"114.737758389738","-1.28532214869813","294"
"113.234136940667","-1.26410749596414","3620"
"113.389275448004","-1.25810986058156","4163"
"113.384441681039","-1.23377582749242","3045"
"114.45023178387","-1.19073497943572","1579"
"113.055207387511","-1.09082596404693","7346"
"113.665471583547","-1.05855574215371","997"
"113.799749689197","-0.962495413232659","3221"
"113.290626652598","-0.952016361665699","8747"
"114.605447510594","-0.940956594471231","1101"
"113.16415733959","-0.939164266317789","9411"
"113.74129021647","-0.931365689075221","340"
"115.072580807858","-0.902861124641163","5571"
"114.600657271716","-0.884494991750444","3552"
"114.893473042347","-0.883877111639322","4058"
"113.895876305347","-0.873926639302908","8214"
"113.691880215","-0.835855028486719","7497"
"112.746587341333","-0.823828441529315","9866"
"112.546044648542","-0.789989498916214","2199"
"113.600156441267","-0.702705628661761","7698"
"113.382952295812","-0.695457172110764","3374"
"112.737019200476","-0.688696772238188","6776"
"114.463304399279","-0.681463664416526","7350"
"115.069741980008","-0.639964815523797","5759"
"114.3707969761","-0.555209670689692","1564"
"112.476073910283","-0.542005646343455","4998"
"114.187952458239","-0.539729761719059","9049"
"112.943421045645","-0.538383594427273","8715"
"112.136057541323","-0.538116592007043","4108"
"113.500051040923","-0.53571067710601","5386"
"112.669229262421","-0.526475302493168","80"
"112.554561841656","-0.481044226409892","9857"
"114.563472444598","-0.478041131992597","6547"
"113.956247199848","-0.476946753290008","8587"
"114.332219511022","-0.473131107914242","1452"
"113.085517115223","-0.472735738063818","6736"
"112.672673114573","-0.469999009346736","5432"
"112.593655558058","-0.424319736566531","2299"
"113.574743061643","-0.423248036967266","4369"
"113.750731363162","-0.381208930247908","8072"
"113.270086325024","-0.333506983260634","5978"
"113.894826324375","-0.32508527386625","2449"
"112.51051319263","-0.296290508100412","4582"
"112.295419211927","-0.263966891658697","2122"
"112.114548978453","-0.217512584038502","5019"
"115.386263332087","-1.29694480335996","7023"
"116.535494821329","-1.23814769366106","2940"
"115.178194955033","-1.20137320111229","1418"
"116.630688755082","-1.10525434790981","3220"
"115.451164248431","-1.09857697434785","4091"
"117.044886981849","-1.07630949338835","2917"
"115.823226855035","-1.0656776640929","4906"
"115.532310886938","-1.01723230242879","6508"
"115.656469743584","-0.963424019902561","4509"
"116.473633342805","-0.927051802198889","5944"
"117.064700257911","-0.90175465365428","6609"
"117.326689482933","-0.873717184500435","5139"
"115.398619214805","-0.865847746076554","912"
"116.994426149547","-0.84394060097793","6510"
"116.575073936913","-0.807663397547685","3548"
"116.55718022149","-0.806616539022002","3319"
"116.574952199285","-0.770412620446052","3652"
"116.522428276344","-0.769579516381555","569"
"115.895618284956","-0.727601803680272","2086"
"116.024568165588","-0.698494465047474","3480"
"115.192624442364","-0.661376910815761","7622"
"115.757301683726","-0.651922978462665","366"
"117.041811124184","-0.463696028948505","5937"
"115.982042795439","-0.453924396693481","7691"
"117.262638493372","-0.339366481877562","4194"
"108.948081686721","0.314956842983975","5690"
"109.101976912804","0.700036866408311","6020"
"109.397724046128","-0.202290778696408","7632"
"109.220727488583","-0.143515686199919","7947"
"109.428040842511","-0.126824985784424","46"
"109.27325692167","-0.084493557131907","9262"
"109.485323429133","0.118701616786211","7389"
"109.682197622722","0.222664570913253","7563"
"110.218733742668","0.321927302902736","1665"
"111.725680641848","-0.111465242426959","9413"
"111.273405617875","-0.087028936636045","5977"
"111.223903134622","0.001737138658086","4917"
"111.697364604993","0.207854243178815","5694"
"110.498181195406","0.536403869343133","7980"
"109.393938244754","0.618563857635991","6505"
"110.40204166589","0.718695281661951","7281"
"109.735798401975","0.741497950070368","381"
"110.205604518534","0.797782097665731","171"
"109.949328352821","0.85498285767278","8351"
"111.77455646311","0.356776386521062","6821"
"111.32052213319","0.373840132016539","5052"
"111.933237105008","0.415542310429316","3716"
"111.497839151556","0.482557791009299","1704"
"112.030182189656","0.663454960078411","6744"
"112.042190730818","0.71002105972417","5267"
"112.028454483188","0.820630318534427","5608"
"108.972791095932","1.05538980949217","6854"
"109.427710056574","0.92881554110437","9200"
"111.592064335601","0.931758149818791","2933"
"109.241345641688","0.979450028895769","1651"
"110.154641662183","0.9890564556909","296"
"109.162797774098","1.01107778051522","5078"
"111.473014505915","1.01976180146602","1081"
"111.262330590085","1.03608879536165","1175"
"109.863754795248","1.04155949367572","2377"
"110.185571176569","1.1464914834952","648"
"109.628727984409","1.17475609441829","5882"
"109.93121609135","1.32801151671816","2149"
"109.893318451685","1.35036441348694","1658"
"112.18222477995","-0.210813209462003","137"
"112.38379950954","-0.205987600247511","5167"
"116.386331838644","-0.194216358697929","2301"
"114.053713865203","-0.106211003734813","9582"
"112.156474257981","-0.079874749719863","7268"
"112.781377976213","-0.074099029246781","7778"
"114.669056435706","-0.070359583428001","888"
"114.993881345148","-0.029107328640237","2760"
"114.107757823165","-0.015713409746013","8452"
"115.722795399188","0.052271146995906","2011"
"116.548381145773","0.054891127523547","5584"
"112.958542082851","0.078559416783719","5875"
"113.345547307462","0.100861075578223","9390"
"113.297448406019","0.133328481024648","267"
"113.552530038231","0.159076932754317","2937"
"113.810978048698","0.175144102618276","2357"
"116.242217429591","0.191547324849182","6465"
"115.619241153656","0.196406830410922","1777"
"116.617481000348","0.198706472425783","2501"
"116.843247107168","0.19982198249852","2034"
"115.867503146753","0.216005554312915","3074"
"112.423512749114","0.224519724805475","1623"
"114.880819137793","0.234674212844709","5522"
"113.505144454753","0.250702512211205","3677"
"113.554865293399","0.252334957991991","5433"
"115.31577315081","0.298221167472946","709"
"117.275753360729","0.3336375668203","1191"
"112.47661728516","0.336029240057428","1934"
"112.467011210899","0.342830899026808","5919"
"116.484885046008","0.358687775920146","8896"
"112.555071405621","0.38884638335395","6947"
"112.247189133572","0.434949690975486","6234"
"116.986040342888","0.451462825648946","8969"
"117.384472267081","0.455295311729287","7668"
"114.260739426184","0.48808643534079","6278"
"113.196235121853","0.530959406051807","521"
"115.571387902929","0.550460893455522","4835"
"113.242838510989","0.562406567509129","7594"
"114.412844930349","0.568237739280278","6013"
"114.377229383329","0.580703964316569","8329"
"113.376905195019","0.608064331203991","2392"
"113.200924210384","0.616195684583204","4595"
"112.660010736606","0.628973804397617","9900"
"117.456539343916","0.664410781132688","7450"
"116.803671803811","0.685829043975275","4325"
"115.350931353899","0.730101188019432","4013"
"117.552525442795","0.730405139985294","5157"
"115.071060864567","0.744217835384859","8182"
"113.381112734365","0.749349197907179","4614"
"115.999256648576","0.77682170305917","5610"
"115.902787395222","0.793756099964071","7816"
"112.172835956714","0.803321318024473","3330"
"116.522870122258","0.824293813009092","207"
"116.494445153221","0.831425135561631","8676"
"116.965547452753","0.835319974337381","4338"
"112.835747506742","0.836727903470035","0"
"117.678881525762","0.83892809395644","1529"
"112.230983955545","0.902638802538775","4224"
"115.678393411027","0.917815173231702","3017"
"115.331046026853","0.933980873718383","7308"
"112.124438921019","0.943991242701713","2393"
"116.318759963701","0.956510913547845","6123"
"114.669889953459","0.996305429352105","7750"
"116.343940820912","1.00301865258882","6527"
"115.046859753975","1.00978130436374","3752"
"116.78913805088","1.0170622579169","6196"
"116.527481603793","1.01748273593955","9432"
"115.706197199441","1.02066667952369","4292"
"117.16011648159","1.02892880691894","5851"
"117.924700529406","1.04949175154314","8068"
"112.826289445601","1.05300965027521","5380"
"117.196792431825","1.06149562162568","281"
"113.739914432705","1.06543216286406","7185"
"113.166535160569","1.07517146089424","7084"
"114.779797422713","1.08240195438674","4259"
"112.93916166398","1.09398290118997","7956"
"114.772080855547","1.09598847388901","7408"
"112.540843453663","1.12791021748262","3820"
"115.741984967532","1.13091367162872","9088"
"116.103023916521","1.1556088418746","2591"
"114.028332733469","1.19110368908406","5246"
"116.037917190326","1.20299689938747","6057"
"112.603303958911","1.23555272977472","9512"
"113.721801185576","1.25100042682828","910"
"114.915187568851","1.25871698320225","3603"
"113.791149955406","1.265277729084","6470"
"114.483124048836","1.27152776909134","4064"
"118.002604256681","1.30977254256885","2487"
"115.538206240626","1.31879347833643","3626"
"114.075680980693","1.32856321482058","4947"
"116.549343607422","1.33275634432988","1317"
"118.054360149601","1.33506141375329","8622"
"115.279310413645","1.36036546279593","1691"
"114.811912479178","1.42043438473911","8555"
"112.443408958856","1.42288082399091","8656"
"112.470778135503","1.43867585900375","8444"
"114.949928390283","1.45811103759434","6689"
"116.350223729342","1.50103097809722","5410"
"117.112684813254","1.50717230445832","8600"
"115.31677346942","1.51214860947078","6629"
"118.00764206363","1.54271448478568","5541"
"115.664769218924","1.5608098749758","7859"
"116.893030307503","1.57294388145499","6835"
"114.727223248354","1.60565361642131","4443"
"116.611073386528","1.64494933224591","4741"
"114.996895978766","1.66381813310039","7045"
"117.732483484026","1.67399768074841","2306"
"116.523336919863","1.67724259297131","945"
"115.917050094287","1.70021466127764","7561"
"115.176465859112","1.71590293956905","4788"
"115.006024187466","1.77188935221187","57"
"115.268825660376","1.86225042821474","8067"
"117.458244833532","1.87813650069899","4965"
"115.008853040036","1.90498391947233","5070"
"117.487982551953","1.94122165615454","2334"
"117.192903213812","1.95831149457985","2126"
"98.7881660042577","2.01621617463678","9880"
"99.7041489085453","2.04359747864078","5311"
"101.077079724949","2.06606068175512","658"
"100.937977795239","2.10100931492798","5473"
"98.3774482005741","2.16323570056716","9926"
"98.7120389659256","2.17065131680488","82"
"98.5795272187062","2.20076699420144","4961"
"97.9950742749579","2.28663478117028","2272"
"98.6465415058859","2.32697554158801","5104"
"98.0148636056709","2.39319313465546","7675"
"99.2831543315073","2.41717424049887","1598"
"97.8622564839496","2.41917874030668","8941"
"100.071922435172","2.43202888952169","2240"
"98.8921887821866","2.51150677841514","4749"
"97.9185588482123","2.52437608948497","873"
"99.2056137010115","2.52684523302116","5040"
"97.6949326647108","2.58811682912841","605"
"99.3954734011766","2.6027755518503","7824"
"98.3368154914418","2.60699792911117","4182"
"98.9832676601744","2.63899340362275","5834"
"99.3888605170993","2.66696755151133","8041"
"98.5485118082734","2.68431939122695","407"
"99.2532871206042","2.78902277608029","6430"
"98.090115488539","2.89437851925334","1094"
"99.3298984312676","2.93012142646273","1376"
"99.493810999678","3.05339910668346","8762"
"97.4018943460473","3.05842366661898","9699"
"99.4702680885015","3.15903338698126","8035"
"97.5769416590304","3.2036775508783","7524"
"99.4830981027953","3.28243856588716","7902"
"99.3312128255116","3.30253504295791","1963"
"98.7642004216122","3.33123081405085","43"
"97.225517711873","3.37567984125172","6778"
"98.3589353621773","3.40136520104323","3103"
"97.8873215741314","3.46204428511572","2818"
"97.4668169144691","3.5374825048138","8523"
"98.3514108461337","3.57765728815338","3352"
"97.0674723168939","3.64741920113528","8363"
"97.5739069120744","3.7100332017709","9365"
"98.0871983621148","3.87460050271108","7610"
"98.6084688644466","3.91916938166167","6816"
"96.6952212591539","3.97440825084016","1155"
"97.4217369525983","4.01782279328734","5673"
"96.9293266183288","4.02211477267866","5761"
"98.4594451471759","4.04871289848154","2677"
"96.5904504530261","4.06214670770447","9494"
"98.1897757784295","4.06850596048173","8641"
"96.4477726803649","4.1366602921388","2788"
"96.352082118495","4.24202299426582","3671"
"97.7980344874017","4.30511553135676","9708"
"95.9594071225407","4.34557791698734","8624"
"97.1130285417339","4.4001507707415","8503"
"96.0085407398633","4.40536703915757","8132"
"98.0301207939395","4.4196207674845","2572"
"96.8655995825548","4.54078083027116","1042"
"95.7417682942714","4.56090464853077","1560"
"97.0236941776442","4.59302472591042","5581"
"96.101160030611","4.59574554921778","4712"
"95.751660587666","4.59688094420028","8288"
"97.922284546095","4.69683387798113","3893"
"97.4754944315229","4.72165964687525","8356"
"97.2431952356716","4.72920583927811","3379"
"95.8195769551124","4.74685682228454","1231"
"97.4190815639631","4.75876920613399","963"
"97.8344538952311","4.75918234299081","7019"
"95.7864369539024","4.77717046384589","6081"
"97.3605467235525","4.87994215260829","1385"
"95.5571862592385","4.9759755000693","2716"
"95.6034771213721","4.99147906210908","2683"
"96.963151559397","5.01042530538359","1210"
"95.9208969600268","5.05049981071772","6417"
"96.8680488870465","5.05355693100762","1762"
"96.6435597734649","5.06702871050663","4044"
"95.6427321302837","5.10174120779055","3848"
"97.3231811219113","5.14705718863837","7628"
"96.6181547242612","5.17473544158742","1617"
"95.68638889703","5.19048132954975","6037"
"95.2406182791104","5.30804923568371","1889"
"95.3250677740586","5.30919392066295","4933"
"95.9617263472932","5.3887519922107","4922"
"95.5235566428249","5.43906816226593","2915"
"95.2283713051916","5.90874184286179","6407"
"116.453570260259","2.02131181608752","7050"
"115.008255567341","2.04625416229982","1917"
"115.592006292556","2.05721726586415","9357"
"116.009766692579","2.08007617787337","787"
"117.22355212533","2.08194434225766","4059"
"115.562833298918","2.10101295538362","7082"
"115.440137217459","2.17038959700233","7901"
"117.130212934479","2.1741998131709","2400"
"115.787931354249","2.23873737552952","6353"
"116.054578584534","2.24934043371411","5873"
"115.572622527308","2.27641221355287","9022"
"115.367759683862","2.27681712071359","5675"
"115.586337107571","2.4229553793873","2709"
"117.400892136663","2.43067197623077","7633"
"117.510772553411","2.45813701161381","6887"
"115.590914592934","2.46430647236588","2990"
"115.479506151588","2.50187182512468","2196"
"115.896535281378","2.51444555601762","7912"
"115.727630212964","2.55303670338122","7665"
"116.904058787283","2.57614524560665","9527"
"117.26235739228","2.65527153285501","8693"
"116.688507762124","2.65789359081663","386"
"117.009643452883","2.72204662735004","1525"
"116.72858165412","2.7852667512596","7507"
"115.534514554203","2.83145486405078","7581"
"117.212861963309","2.83213869594414","8937"
"116.364413550045","2.84625354646403","2060"
"115.302189409314","2.87572539830853","8702"
"117.233350953983","3.05522878997675","9276"
"116.805376020887","3.07444992272582","6354"
"117.246518241923","3.09762811024916","1146"
"116.55639527792","3.13841579865021","7631"
"115.604963234466","3.16497279395929","2044"
"116.657912669634","3.17349868441681","324"
"116.923395971247","3.18797041380361","4414"
"116.093974420083","3.2368212923688","4090"
"116.262466132206","3.25722458214881","1785"
"116.575186904352","3.26223314314507","3667"
"116.506456109062","3.30345427779275","9273"
"117.315371672365","3.35912071794684","74"
"116.315226648791","3.36167157838071","8312"
"116.74455298773","3.41697820248208","9788"
"115.69311412042","3.47992134599338","2435"
"117.140348993611","3.50850210368918","9944"
"117.628570519614","3.63106422483418","1675"
"116.330840513579","3.63672568464267","2282"
"116.238158728942","3.66114545729704","3464"
"117.291736895441","3.67290540426103","1395"
"116.748545250963","3.75508922638676","2469"
"116.944540017308","3.93204190870716","5585"
"117.374137889452","3.95651613621078","2869"
"116.290978929034","3.95810480029633","4857"
"108.180925839556","4.03202051363587","677"
"115.711566329223","4.14635651264297","632"
"116.739302475829","4.18183340488775","3079"
"116.766345140116","4.20527280589533","7005"
"116.52947152649","4.21502051438529","7333"
"116.623926350621","4.30240907202108","7900"
"139.933297327909","-2.39056290165655","1259"
"139.665655620111","-2.39054784430755","3373"
"139.461468758377","-2.38295685127764","3871"
"125.973451506082","-2.35747412133361","5123"
"137.251676330099","-2.34601707772589","3428"
"138.397464450124","-2.33789159242298","6635"
"137.88610357472","-2.32458124033195","3783"
"139.577230232289","-2.31505790369926","7787"
"119.771304010272","-2.28809594906875","1943"
"138.482404370565","-2.25911969202014","7601"
"121.531211277479","-2.25709781101511","922"
"138.591711284248","-2.25346551851879","6373"
"134.075231223043","-2.23333760025002","1840"
"120.504963007037","-2.22229987813682","8500"
"134.028985916067","-2.21411433790632","3051"
"121.469255970886","-2.1932040625174","7596"
"121.337265125385","-2.19042814943947","49"
"138.46856861475","-2.17687570884686","7172"
"120.208026961875","-2.15259828448319","2213"
"137.271318603671","-2.14866715716352","3594"
"132.634379200839","-2.14503117205089","4370"
"133.959447105999","-2.12587999036919","6983"
"125.939772764202","-2.11222565029345","8527"
"134.345602126837","-2.10490305273368","577"
"138.887531680842","-2.09814843550186","7921"
"137.772312362526","-2.09493151737558","1813"
"132.301953013721","-2.07959960983408","235"
"132.729916313187","-2.07459944850569","3380"
"137.971336071603","-2.05290914074419","7237"
"133.574204197366","-2.04568306741959","2495"
"120.790373024296","-2.03624526800468","1541"
"137.900035252225","-2.03426815974774","2667"
"120.19155960809","-2.01703570323508","7482"
"134.013083450741","-1.98554109714388","7728"
"132.490922939042","-1.97557567088046","8425"
"138.916738469205","-1.96430450634784","7608"
"120.961796634207","-1.96324548988741","7313"
"138.767802665161","-1.95831485694504","5867"
"132.050232490637","-1.93976770851287","315"
"132.275833832665","-1.93644199849939","4466"
"138.628153964734","-1.9276959495084","1204"
"129.76608087893","-1.91916808863635","767"
"125.519513435996","-1.90751172738425","7460"
"120.655018144172","-1.90016622049461","5492"
"121.197201703496","-1.89939457609876","825"
"133.665848840652","-1.85983129038169","2040"
"124.471537284118","-1.85869733791179","9818"
"119.550481484833","-1.85034504808544","3188"
"130.076242599616","-1.84651839320924","68"
"137.375381921239","-1.83967043893955","8598"
"129.85631447873","-1.82328639654992","6529"
"119.361690331244","-1.8188941868172","9401"
"134.004664475285","-1.81725719046693","3942"
"133.441545528803","-1.80765170346331","9296"
"129.989220435675","-1.80392785009019","84"
"120.953945141755","-1.80301773707885","9378"
"132.289742450654","-1.79184682716931","8788"
"137.721065697224","-1.78328572195846","4381"
"135.986889693904","-1.77997299096074","7199"
"121.173066663396","-1.77055687330102","5605"
"130.320362939498","-1.76952778627827","6558"
"136.19835107814","-1.76501895246264","7664"
"120.09995939491","-1.76127206115666","2293"
"138.122944849625","-1.74892333164638","449"
"132.734465824238","-1.73861997523164","9650"
"132.908003742079","-1.73034030655987","8748"
"119.829209876535","-1.71703468310409","8291"
"128.062440767528","-1.71687668301246","5308"
"121.11912603304","-1.71009452314365","5249"
"128.06719986738","-1.70729064474739","2194"
"119.693102330408","-1.69063080097067","6986"
"124.374259124759","-1.68910920832326","4818"
"132.856884094326","-1.68801730635357","7046"
"132.247275178507","-1.66772534904555","8060"
"120.936984504431","-1.65910009609252","4211"
"127.590817640922","-1.6535354662887","2425"
"123.515643372144","-1.65160268741403","9703"
"133.683034400217","-1.64702303648392","5842"
"132.726579185381","-1.63592739443368","2814"
"120.49232803591","-1.61171609632072","5765"
"132.115820045659","-1.6095577953559","6197"
"128.027545562178","-1.6075347353397","4027"
"132.405933572976","-1.60506652260187","3145"
"132.508206669502","-1.60083274283676","800"
"132.997061598814","-1.59414764319911","6559"
"127.545026335997","-1.57148554781975","1321"
"122.101791050017","-1.56491040379206","2966"
"133.934910603142","-1.55691585078586","1097"
"133.574375402203","-1.54319200390779","9178"
"121.887130106369","-1.54173195816327","3384"
"122.949851036196","-1.54112320077508","1519"
"121.317396140819","-1.5136755160122","1811"
"132.303727153086","-1.50239208292822","6621"
"121.997607989517","-1.49228299356525","925"
"122.092719807973","-1.48086839795815","7719"
"133.725287373813","-1.47946238438146","8471"
"132.419834541331","-1.47803675928895","2519"
"120.992054918899","-1.47162914277067","3925"
"127.639853397616","-1.46849390377059","1426"
"132.411700405449","-1.44915619010607","3518"
"133.160675276643","-1.44647627246195","229"
"133.720977952071","-1.4329882970722","4959"
"119.697508313258","-1.43287167208996","9822"
"134.07843040384","-1.43280728602736","2129"
"120.326162423857","-1.42650600894513","7486"
"131.792536864685","-1.40717611758373","9745"
"122.315346597368","-1.37741243843323","2431"
"133.614351530699","-1.36547639162211","485"
"131.954880534309","-1.35373450754145","9782"
"132.092874880571","-1.3220608185519","6639"
"131.666167207351","-1.30057465329759","3615"
"120.332671535163","-1.29812112019351","2523"
"132.17536104038","-1.29188393959208","8053"
"132.935385966089","-1.27701503271754","5297"
"120.322997155594","-1.27207786080459","1824"
"134.115569540902","-1.26155546011637","4354"
"131.995864089656","-1.25336607978073","6128"
"132.463346829293","-1.24425607245973","5482"
"119.317434552163","-1.23503125318973","303"
"130.818265429906","-1.2246851843737","6714"
"122.164997845974","-1.20311732470475","3680"
"119.450795627217","-1.2022263384747","8765"
"122.573964746076","-1.19655570018534","691"
"120.192734889803","-1.18363714853552","898"
"122.394214652384","-1.17806051637967","1268"
"132.341301480179","-1.15271343927378","2222"
"119.881170387703","-1.07467927432901","7771"
"132.804166612999","-1.0714763145802","4397"
"133.528467012742","-1.06409918033285","1539"
"119.47714158042","-1.06365260398445","3628"
"133.67243047059","-1.06011610727251","3974"
"132.112259821234","-1.01553845363668","1742"
"121.421945138158","-1.0049776366086","5857"
"120.418813037092","-1.00337530822384","455"
"132.674065647812","-0.995931344455926","7812"
"131.295373004561","-0.984491729709532","4484"
"133.619885982852","-0.981831261703292","1606"
"132.960974118161","-0.964988376212546","7164"
"119.968002377408","-0.946377524303273","8628"
"120.151156560627","-0.942622808895464","9056"
"123.217439707377","-0.941518387463589","2419"
"132.277667534129","-0.935908264554712","9114"
"133.793967948262","-0.93419131127996","678"
"131.665655145968","-0.919681103500068","9422"
"133.756713615241","-0.899261510810049","2668"
"119.769489003914","-0.865795773356183","3255"
"122.787302825665","-0.857292106945124","5653"
"132.542264092514","-0.834096363756146","7217"
"132.022856870348","-0.768400524964193","2412"
"132.345706788538","-0.739091104171052","1814"
"127.481750833634","-0.721247715709467","453"
"127.58399035667","-0.704456847005815","8672"
"132.616532034326","-0.697692116897656","1827"
"132.88803602904","-0.684824617961681","6595"
"128.091383523031","-0.527143623779182","7733"
"128.08833854269","-0.520382340772358","4880"
"132.633489202065","-0.493968915932669","1289"
"127.382611498522","-0.477337806394587","921"
"127.924059174991","-0.464547129346499","8957"
"132.214351105419","-0.429094560165765","1244"
"132.319054317603","-0.404811830701362","1370"
"127.910333484503","-0.362544629830779","1901"
"127.142095393188","-0.318657461272778","9421"
"131.047058822007","-0.137339079434923","3243"
"130.53716763308","-0.115557552538974","5075"
"130.482750231638","-0.11343316590785","530"
"119.896371987078","0.04770759572898","3032"
"127.864141450667","0.086363191208363","9047"
"120.002613813377","0.134247592652343","8917"
"120.182112196721","0.268564573296487","2309"
"128.675893602508","0.324965170506289","5254"
"128.542101541753","0.3346704049153","9957"
"123.11218096418","0.457195980310303","5670"
"121.07340811819","0.513622049917728","2689"
"120.797160179898","0.518078520707206","2795"
"123.383771874772","0.52162412845081","8520"
"121.745906239781","0.527558669197276","6246"
"122.760328705006","0.531325041617436","2525"
"124.472007925425","0.53938116041229","3042"
"120.250529449674","0.547206721812813","5982"
"122.310828407005","0.573038338348681","9589"
"127.570736418151","0.59298779694933","9353"
"127.538776515424","0.600420728733695","7024"
"124.175444785049","0.644508601690688","4394"
"123.519014063548","0.657171693718738","8153"
"122.447336878994","0.677622858907853","2752"
"124.33949179491","0.692065132799712","4066"
"121.051453557236","0.6987223696417","4372"
"120.931935589956","0.706580717626082","8625"
"120.833751458063","0.713014016084003","8002"
"127.853339518204","0.715873767560367","5994"
"123.089874213424","0.724934966875253","7110"
"124.046795733037","0.726196824523868","1213"
"124.360364991251","0.726681251538594","1073"
"123.449038121812","0.726813339464115","8110"
"123.789601829861","0.734151229095971","1256"
"127.618442505617","0.741302411377205","3259"
"124.442135947216","0.765472686915018","5020"
"121.39252552883","0.780582882793851","6236"
"121.122046624552","0.819540233195255","3598"
"121.00338519587","0.855310110173491","5314"
"120.712025081392","0.862163087156773","7148"
"121.521066670291","0.871079635017168","8505"
"123.427878550755","0.875484794088038","3842"
"121.0219920404","0.87948625828426","579"
"118.540660417045","0.933975382457959","3232"
"122.374458162215","0.949962597196134","204"
"122.114133507655","0.955722270166689","6713"
"124.374290762009","0.962317917837709","3750"
"118.633417013584","0.968754173266518","1294"
"128.268844881686","0.977551988133769","9252"
"124.682403312663","1.00246895098132","5831"
"118.688005312295","1.00462854517127","4773"
"128.488725543549","1.03818196472594","9712"
"121.527045150114","1.07232845749235","6358"
"121.256949909211","1.12212955793279","9919"
"118.733389755833","1.15398663397605","8593"
"121.432114869706","1.21391534441767","478"
"125.013882146744","1.29412425083353","1187"
"128.542766646164","1.35415756591897","9765"
"125.030701282938","1.48449759788588","2706"
"127.853709073915","1.54965072010469","3597"
"127.689583923759","1.56060826585883","4590"
"127.797026518559","2.02312279348217","2757"
"128.542783432909","2.44880588258548","1027"
"128.311713341398","2.46020323998761","1028"
"128.390372569339","2.46062306780038","524"
"125.425015169215","3.71754327110511","2077"
"126.789637786854","4.32884355358715","8442"
