X,Y,ID,Dynamics,Notes
96.0413749999973,25.2276250000112,"2",,
94.9726249999953,19.9031250000119,"4",,
98.614125,13.5393750000101,"5",,
96.5141249999969,17.3993750000116,"7",,
99.9766250000011,20.9393750000121,"9",,
97.6008749999989,27.72387500001,"16",,
94.2633749999951,22.5613750000117,"22",,
96.5403749999978,25.5256250000111,"25",,
97.3648749999983,22.669125000012,"30",Tree_cover_rotation_partial,
96.7263749999971,17.2246250000115,"31",,
97.5048749999985,23.5788750000118,"35",,
95.7813749999959,17.0366250000114,"38",,
97.8088749999985,16.5543750000114,"41",,
100.216375,21.1638750000121,"46",,
93.8696249999946,22.1926250000117,"47",,
95.6836249999969,24.7038750000114,"48",,
97.7451249999986,20.6248750000121,"50",Tree_cover_rotation,
99.639375,21.5641250000121,"51",Tree_cover_rotation,
98.0983749999988,14.6311250000106,"62",,
97.7966249999984,16.2596250000113,"67",,
95.1673749999959,21.6731250000119,"70",,
94.8223749999949,18.8038750000118,"71",,
96.8728749999976,20.178875000012,"78",,
93.9566249999949,23.0288750000116,"81",,
98.0538749999987,14.3741250000105,"85",Tree_cover_loss,
97.7526249999985,19.755375000012,"88",,
94.2368749999947,21.1213750000119,"89",,
95.0753749999952,18.7631250000118,"95",,
93.6663749999946,22.9006250000116,"96",Tree_cover_gain,
97.1143749999986,27.6453750000101,"97",,
95.0713749999958,21.8898750000119,"99",,
96.8088749999978,23.2436250000118,"100",,
100.526625,21.3431250000121,"101",,
97.275375,20.3183750000121,"104",,
95.5961249999967,23.7036250000116,"105",,
97.5993749999984,20.4093750000121,"106",,
98.613125,13.34537500001,"107",,
97.8458749999984,15.0706250000108,"109",Tree_cover_loss,
95.9936249999965,19.971375000012,"112",,
98.115625,26.5798750000107,"113",,
95.3606249999968,25.664625000011,"117",,
98.850625,19.9881250000121,"118",Tree_cover_rotation,
94.5966249999946,18.3498750000117,"123",,
96.985625,23.3196250000118,"126",Tree_cover_rotation,
96.2766249999966,17.5583750000116,"131",,
95.9443749999973,25.642125000011,"143",,
96.764125,25.6583750000111,"144",,
94.1051249999943,19.6823750000118,"145",Tree_cover_rotation,
97.6753749999984,18.0898750000118,"146",,
94.7808749999948,18.5678750000117,"148",,
97.7671249999988,23.3258750000119,"150",,
94.3133749999951,22.4493750000118,"151",,
93.6148749999935,18.8443750000117,"154",,
98.837625,11.1373750000087,"156",Tree_cover_loss,
97.8646249999988,21.5643750000121,"158",,
98.245625,14.5286250000106,"166",,
96.2978749999978,26.5763750000106,"167",,
97.988875,23.5686250000118,"171",,
94.7006249999958,23.8558750000115,"172",,
95.8426249999959,16.5861250000113,"173",,
97.027125,23.4546250000118,"179",,
96.2783749999967,18.9993750000119,"180",,
96.2346249999967,18.9496250000119,"181",Tree_cover_rotation,
97.1316249999979,20.7446250000121,"185",,
96.2443749999967,19.2288750000119,"186",,
97.6738749999983,17.7543750000117,"188",,
96.5996249999977,24.0766250000116,"198",Tree_cover_loss_partial,Bad_data
99.707875,20.8288750000121,"201",,
98.224625,19.8943750000121,"209",,
96.8763749999981,25.5713750000111,"210",,
100.147875,20.5806250000121,"213",Tree_cover_rotation,
95.7686249999958,16.8816250000114,"215",,
94.9453749999952,19.5566250000119,"216",Tree_cover_rotation,
96.2001249999968,20.123875000012,"218",,
97.956875,25.7086250000111,"221",,
94.5188749999946,19.0428750000118,"222",,
96.8416249999975,20.255625000012,"223",,
96.5483749999969,17.4543750000116,"226",,
98.1658749999989,15.7091250000111,"231",Tree_cover_rotation,
97.5151249999988,26.6311250000107,"232",,
95.0723749999953,19.4348750000119,"234",,
97.285375,19.776625000012,"240",,
97.778375,25.990125000011,"241",,
95.0803749999949,16.8711250000113,"242",,
95.3556249999953,16.5678750000113,"245",,
95.6736249999963,21.314875000012,"247",,
97.418125,17.0758750000115,"249",Tree_cover_rotation_partial,
99.448125,21.3863750000121,"250",,
95.3218749999955,18.6586250000118,"251",Tree_cover_loss,
98.323875,14.4571250000105,"252",,
97.9193749999989,22.530625000012,"253",,
95.9788749999969,22.9953750000118,"255",,
97.7991249999987,21.6441250000121,"257",,
96.0163749999966,20.034125000012,"258",,
95.2526249999957,20.3446250000119,"259",,
92.9563749999934,21.3786250000117,"261",,
96.0591249999972,24.4341250000115,"263",,
96.4016249999969,19.605125000012,"264",Tree_cover_rotation_partial,
98.1168749999987,10.9433750000086,"265",,
96.3183749999971,21.440125000012,"268",,
95.826625,17.5876250000116,"269",,
98.123375,26.042125000011,"271",,
98.431375,16.1971250000112,"272",,
98.325625,16.1461250000112,"274",Tree_cover_rotation,
95.362375,26.5801250000105,"277",Tree_cover_rotation,
94.6896249999945,17.4688750000115,"279",,
96.5143749999978,25.4548750000112,"289",,
95.4616249999957,19.0621250000118,"292",,
100.019875,20.6123750000121,"301",,
95.4806249999962,21.504125000012,"302",,
97.2678749999979,19.194625000012,"308",,
94.527625,20.8956250000119,"311",,
96.310375,20.765375000012,"312",,
95.338375,21.4766250000119,"318",,
95.7736249999961,18.6683750000118,"319",,
93.7213749999949,23.8528750000114,"320",,
95.7696249999971,25.1166250000112,"326",,
98.827375,12.1591250000094,"327",Tree_cover_rotation,
97.5603749999987,24.7778750000115,"330",,
93.1176249999932,20.0921250000117,"335",,
96.7933749999973,17.9916250000117,"336",,
95.6253749999966,23.1778750000118,"338",,
97.4778749999984,21.8428750000121,"340",Tree_cover_rotation,
97.1711249999986,27.1158750000104,"343",,
95.8073749999966,21.786125000012,"349",,
96.2326249999972,22.9248750000119,"356",,
93.0543749999931,19.9711250000117,"359",,
97.9731249999986,14.8826250000107,"363",Tree_cover_gain_partial,
94.9498749999956,21.7806250000119,"364",,
98.708375,25.893375000011,"366",Tree_cover_loss_partial,
95.831625,17.5631250000116,"381",,
96.1383749999977,26.5373750000106,"383",,
95.4568749999955,17.6258750000116,"384",Tree_cover_loss_partial,
96.1708749999963,16.8581250000114,"385",Tree_cover_loss,
98.127125,20.4233750000121,"387",Tree_cover_gain,
96.4438749999972,21.052875000012,"393",,
95.0006249999962,24.2468750000114,"399",,
94.4348749999947,20.0088750000119,"404",Tree_cover_gain,
95.3858749999962,22.3128750000119,"407",,
97.4296249999984,23.0046250000119,"409",Tree_cover_rotation_partial,
97.797875,25.959125000011,"411",,
94.8948749999958,22.9773750000117,"413",,
94.9858749999961,24.0371250000115,"417",,
96.8523749999976,20.8208750000121,"418",,
98.261875,23.4326250000118,"419",Tree_cover_rotation,
98.620375,23.1186250000119,"420",,
95.9828749999965,19.660125000012,"421",,
96.6218749999972,19.564625000012,"423",Tree_cover_rotation,
95.7293749999968,23.7081250000117,"426",,
97.0481249999978,20.5893750000121,"428",,
94.9251249999963,25.0393750000112,"429",Tree_cover_gain_partial,
98.478375,24.1128750000117,"437",Tree_cover_loss,
96.1523749999969,21.525625000012,"442",,
98.074875,26.043875000011,"443",,
96.3928749999969,18.8936250000119,"446",,
98.1316249999989,15.9393750000111,"448",,
94.6546249999946,18.2731250000116,"450",,
95.617875,25.540625000011,"451",,
96.9828749999983,26.1673750000109,"452",,
94.5396249999948,19.9921250000119,"464",,
93.0456249999935,21.3218750000117,"465",Tree_cover_rotation,
98.718625,20.3843750000121,"466",,
92.66212499999,21.3188750000117,"467",,
95.840125,24.4618750000115,"468",,
96.3121249999972,22.4951250000119,"473",,
95.8211249999963,19.6683750000119,"477",Tree_cover_loss,
97.7423749999987,21.9438750000121,"479",Tree_cover_rotation_partial,
95.2133749999956,19.8003750000119,"483",,
94.5903749999947,18.9696250000118,"484",,
96.2103749999973,23.9651250000116,"485",,
97.2791249999981,21.5228750000121,"486",,
96.2331249999974,24.5883750000114,"490",,
93.92162499999,19.7068750000118,"492",Tree_cover_rotation,
97.4916249999987,26.3116250000108,"497",,
96.9768749999983,25.967125000011,"498",,
95.2811249999952,16.9551250000114,"499",,
97.8041249999988,23.7878750000118,"500",Tree_cover_rotation,
97.4061249999987,26.4121250000108,"504",,
95.7353749999961,19.3563750000119,"507",,
93.4356249999937,20.5996250000118,"512",Tree_cover_rotation,
95.1363749999966,25.3588750000111,"515",,
94.6731249999944,16.6963750000113,"519",,
94.38287499999,21.4216250000119,"525",,
97.5288749999985,23.1651250000119,"528",,
93.54262499999,21.3483750000118,"530",,
100.128625,21.4791250000121,"535",Tree_cover_rotation_partial,
95.278125,21.7398750000119,"538",,
94.8516249999961,24.5648750000113,"543",Tree_cover_rotation_partial,
96.8821249999976,20.306375000012,"544",,
97.411875,17.7908750000117,"547",,
96.467875,19.607375000012,"549",Tree_cover_rotation,
98.447125,16.1038750000112,"551",Tree_cover_rotation_partial,
98.518875,10.5433750000084,"552",,
97.1563749999984,26.2766250000108,"555",,
99.151625,21.4468750000121,"558",Tree_cover_rotation,
96.0576249999964,18.8561250000118,"560",,
98.227375,20.2921250000121,"562",Tree_cover_rotation_partial,
98.846125,20.3621250000121,"564",,
95.5486249999961,20.461625000012,"568",,
98.950875,11.6613750000091,"575",,
93.7348749999936,18.7588750000116,"581",,
93.7996249999946,22.6391250000117,"586",,
98.982625,12.2746250000094,"593",Tree_cover_rotation,
94.6968749999956,22.9691250000117,"594",,
95.867375,17.6038750000116,"598",,
95.747375,18.5238750000118,"611",,
96.2681249999965,17.3043750000115,"612",,
95.1563749999963,24.2266250000115,"617",,
98.0496249999987,15.3013750000109,"618",Tree_cover_rotation,
97.2733749999985,25.5691250000111,"619",,
98.268375,20.8196250000121,"623",,
97.3083749999982,21.2058750000121,"624",,
95.5836249999959,18.7453750000118,"626",,
96.4943749999975,23.3896250000118,"630",,
97.4771249999982,18.9626250000119,"631",,
98.854875,11.0611250000087,"633",,
97.0056249999976,18.2563750000118,"635",,
99.229125,21.3601250000121,"636",,Bad_data
94.0181249999952,23.9198750000114,"638",,
97.1293749999978,19.271375000012,"639",,
99.049375,12.2481250000094,"647",Tree_cover_loss_partial,
96.0226249999973,24.7543750000114,"649",,
97.897125,25.982375000011,"652",,
97.9133749999986,16.6991250000114,"653",Tree_cover_rotation,
96.4456249999977,25.4186250000112,"656",,
97.2273749999986,27.0126250000104,"659",,
94.4436249999945,18.9653750000117,"663",,
95.7408749999958,16.5046250000113,"664",,
96.5746249999975,22.4806250000119,"674",,
95.0283749999958,22.0978750000119,"678",,
96.361625,20.285375000012,"679",,
97.1221249999982,24.6346250000115,"680",,
98.723625,20.9968750000121,"681",,
95.0616249999956,20.8888750000119,"684",,
98.711875,20.7553750000121,"692",,
94.3466249999951,21.9956250000118,"694",Tree_cover_gain_partial,
96.2836249999969,20.481375000012,"695",,
99.521875,21.9558750000121,"697",,
96.1901249999966,19.1553750000119,"699",,
96.0806249999964,18.4403750000118,"704",Tree_cover_rotation_partial,
94.4398749999946,19.3678750000118,"706",Tree_cover_rotation,
95.847375,24.0943750000116,"707",,
93.5718749999937,20.1321250000118,"708",Tree_cover_rotation,
94.7171249999945,16.8178750000113,"709",Tree_cover_loss_partial,
96.7986249999982,26.2506250000108,"712",,
95.1506249999967,25.7656250000109,"715",,
99.651375,21.3858750000121,"716",Tree_cover_rotation_partial,
98.785875,22.1531250000121,"719",,
96.232375,21.589625000012,"720",Tree_cover_loss_partial,
94.0931249999947,21.7091250000118,"721",,
93.6553749999946,23.3003750000115,"722",Tree_cover_rotation,
96.0578749999968,21.752375000012,"723",,
95.2131249999954,18.6321250000118,"725",,
96.279125,21.354625000012,"734",,
97.9283749999988,21.4158750000121,"738",,
96.3168749999974,23.5711250000117,"740",,
93.9446249999939,19.0726250000117,"746",,
97.8826249999988,22.143125000012,"749",Tree_cover_rotation_partial,
99.147125,22.679125000012,"751",Tree_cover_gain,
97.0248749999978,21.3558750000121,"755",,
96.239875,21.573875000012,"756",,
100.440375,20.8981250000121,"758",,
98.367375,23.6088750000118,"761",Tree_cover_rotation,
96.5301249999974,22.4688750000119,"762",Tree_cover_rotation,
98.814375,20.7776250000121,"763",,
96.2971249999976,25.711875000011,"767",Tree_cover_gain,
95.9898749999963,18.4423750000118,"769",,
96.7023749999977,22.9828750000119,"773",,
94.4841249999941,16.5583750000112,"775",Tree_cover_loss,
95.0626249999952,18.6791250000118,"776",,
98.851625,12.0818750000093,"777",Tree_cover_gain_partial,
93.1191249999934,20.7398750000117,"779",,
97.3763749999988,27.5328750000101,"781",,
95.1016249999958,21.6296250000119,"782",,
97.5356249999986,23.4796250000118,"784",,
95.7176249999972,25.8971250000109,"789",,
97.7366249999984,16.6566250000114,"790",Tree_cover_gain,
93.7631249999947,23.1993750000116,"791",,
97.340625,19.161625000012,"792",,
95.7713749999965,21.468875000012,"796",,
94.7258749999946,17.3021250000114,"797",,
97.7746249999984,15.3063750000109,"798",Tree_cover_rotation,
97.3253749999982,21.2808750000121,"799",,
95.4336249999957,19.1871250000119,"800",Tree_cover_rotation_partial,
99.726875,21.6633750000121,"801",,
96.2028749999971,22.260375000012,"805",,
93.9631249999942,20.2421250000118,"809",Tree_cover_rotation,
95.13762499999,16.5456250000112,"820",,
96.1693749999969,21.319875000012,"822",,
94.9573749999953,19.9538750000119,"823",Tree_cover_gain,
94.9283749999948,17.0416250000114,"824",,
100.602125,21.1163750000121,"825",,
96.1858749999967,19.3808750000119,"828",,
95.5811249999969,25.2781250000111,"829",,
96.3638749999972,22.162875000012,"831",,
97.4671249999981,17.5688750000116,"838",Tree_cover_rotation,
98.255875,22.184375000012,"842",,
95.0318749999956,21.2118750000119,"845",,
95.1618749999966,25.513875000011,"846",,
96.8426249999979,23.3153750000118,"849",Tree_cover_rotation,
93.0421249999932,20.3653750000117,"850",,
95.536125,25.8703750000109,"851",,
98.139125,26.067625000011,"854",,
99.430375,12.2591250000094,"856",,
96.0986249999975,25.9741250000109,"861",,
94.0131249999943,20.1943750000118,"862",Tree_cover_rotation,
98.792375,12.3223750000095,"865",,
97.266375,20.028625000012,"866",,
95.4956249999968,24.7561250000113,"871",,
94.7976249999953,21.0648750000119,"874",,
97.0768749999984,26.0213750000109,"877",,
93.6823749999947,23.4021250000115,"884",,
93.0293749999932,20.3368750000117,"885",,
97.1716249999979,19.827125000012,"888",,
94.43037499999,16.4678750000112,"889",Tree_cover_loss,
97.992625,26.6081250000107,"897",,
96.0396249999972,24.4151250000115,"900",,
94.9253749999949,17.5273750000115,"907",,
97.905875,27.1923750000104,"912",,
97.5923749999985,21.4731250000121,"915",,
95.4458749999971,26.5361250000106,"916",,
94.9788749999965,25.569375000011,"917",Tree_cover_rotation_partial,
95.7093749999963,20.894875000012,"921",,
95.5266249999965,22.9311250000118,"922",,
95.0991249999951,17.6491250000115,"923",,
96.0516249999963,17.9668750000117,"927",,
94.1338749999946,20.9931250000118,"936",,
94.9078749999953,20.1736250000119,"938",,
97.5818749999986,23.0518750000119,"944",,
96.9803749999978,21.4286250000121,"947",,
94.5456249999944,17.9063750000116,"953",Tree_cover_rotation_partial,
100.062875,21.2321250000121,"957",,
95.6036249999969,24.7193750000114,"958",,
97.3698749999981,20.3491250000121,"960",,
96.8043749999979,23.9926250000117,"962",,
97.7766249999986,20.5216250000121,"965",,
95.4091249999954,17.3231250000115,"966",,
99.945125,22.0498750000121,"968",,
97.3378749999981,20.1466250000121,"972",,
98.600625,27.1686250000104,"973",,Bad_data
92.9926249999934,21.3411250000117,"975",Tree_cover_rotation,
98.157125,26.8533750000106,"978",,
97.5858749999988,25.7351250000111,"979",,
98.409125,27.2103750000104,"981",,
98.759375,10.6758750000085,"982",,
98.714625,23.4066250000119,"983",Tree_cover_rotation,
96.1186249999971,22.9068750000119,"988",,
95.1486249999961,23.2428750000117,"993",,
93.8236249999946,22.5106250000117,"994",Tree_cover_rotation,Bad_data
99.209375,22.240625000012,"995",Tree_cover_gain,
96.9738749999976,20.022375000012,"996",,
98.447375,27.0653750000104,"1009",,
96.5343749999971,19.692125000012,"1012",,
95.9126249999965,20.681125000012,"1016",,
99.298125,20.6898750000121,"1020",,
95.1216249999957,21.2623750000119,"1024",,
96.9553749999975,18.3911250000118,"1026",Tree_cover_rotation,
96.1458749999972,23.9588750000116,"1030",,
97.5753749999983,19.691875000012,"1035",Tree_cover_loss,
95.6161249999972,26.4868750000106,"1038",Tree_cover_rotation,
95.0696249999948,16.2513750000111,"1043",,
94.194125,22.5323750000117,"1044",,
96.0346249999966,20.493875000012,"1047",,
95.2773749999958,20.733125000012,"1051",,
97.4976249999989,27.73137500001,"1052",,
95.7608749999964,21.242125000012,"1053",,
97.5923749999984,19.826625000012,"1057",Tree_cover_loss,
99.179375,21.2203750000121,"1059",,
97.6913749999988,25.0081250000114,"1066",Tree_cover_rotation,
94.1656249999948,21.6776250000118,"1068",,
97.848375,27.9488750000099,"1072",,
96.9621249999976,19.0361250000119,"1075",,
95.3283749999951,15.816875000011,"1078",,
95.8553749999961,18.2121250000117,"1082",,
97.4008749999981,19.984375000012,"1083",,
99.238125,11.582875,"1084",,
97.0111249999975,17.5288750000116,"1086",,
96.0313749999968,21.653125000012,"1091",,
96.3633749999978,26.6486250000106,"1093",Tree_cover_rotation,
95.8296249999962,18.9693750000119,"1096",,
95.3658749999969,25.9761250000108,"1097",,
96.8438749999977,21.543125000012,"1103",,
96.864375,24.1191250000116,"1104",,
95.2093749999962,23.1153750000117,"1107",,
95.2533749999957,20.1088750000119,"1114",,
99.032375,11.1548750000088,"1115",,
99.026125,20.2516250000121,"1116",,
97.9378749999987,17.4133750000116,"1121",,
98.0841249999989,20.0748750000121,"1130",,
96.987125,23.3238750000118,"1131",Tree_cover_rotation,
93.86587499999,20.0201250000118,"1134",Tree_cover_rotation,
96.6071249999973,20.993625000012,"1135",,
98.384875,27.2601250000103,"1136",,
98.111125,27.86962500001,"1142",,
94.6706249999949,19.7751250000119,"1145",Tree_cover_rotation,
95.5666249999955,16.3133750000112,"1147",,
95.7993749999961,18.9583750000119,"1152",Tree_cover_rotation,
98.826125,22.763625000012,"1155",,
96.2653749999966,17.6671250000116,"1156",Tree_cover_loss_partial,
97.4338749999982,20.7411250000121,"1160",,
94.6511249999949,19.7421250000119,"1162",,
95.3571249999953,17.0598750000114,"1164",,
95.622375,25.523375000011,"1166",,
96.7481249999982,27.1243750000103,"1167",,
97.263625,19.748125000012,"1175",,
97.1613749999979,20.6256250000121,"1176",,
97.4808749999985,23.7301250000118,"1179",Tree_cover_rotation,
97.3596249999983,22.192625000012,"1182",,
95.5741249999964,22.4076250000119,"1183",,
98.1758749999989,14.1281250000104,"1184",,
94.0773749999941,19.3276250000118,"1185",,
98.480125,20.5403750000121,"1187",,
96.2408749999975,25.0778750000113,"1188",,
97.2413749999986,26.5856250000107,"1190",,
98.224875,22.859125000012,"1195",,
92.8253749999934,21.9021250000116,"1199",Tree_cover_rotation,
99.252625,12.6118750000096,"1201",,
96.7443749999975,20.8471250000121,"1202",,
96.5411249999973,21.025875000012,"1203",,
98.404625,16.4093750000113,"1204",,
93.28612499999,22.3706250000116,"1205",Tree_cover_rotation_partial,
98.511625,21.3056250000121,"1210",Tree_cover_rotation,
97.244625,19.945125000012,"1213",Tree_cover_loss,
97.6378749999986,22.8876250000119,"1215",,
94.408875,21.6983750000118,"1217",Tree_cover_rotation_partial,
95.5953749999964,22.2148750000119,"1223",,
95.9563749999968,22.3396250000119,"1227",,
95.0283749999958,22.0726250000119,"1231",,
98.568625,16.0903750000112,"1236",Tree_cover_rotation,
94.7318749999959,23.7491250000116,"1239",,
96.1628749999974,25.1678750000112,"1240",Tree_cover_rotation_partial,
96.3448749999968,18.5826250000118,"1241",,
98.326125,16.8058750000114,"1242",Tree_cover_rotation_partial,
97.5673749999986,23.1213750000119,"1243",Tree_cover_rotation,
97.2206249999983,23.9481250000117,"1248",,
94.6803749999957,23.4691250000116,"1249",,
95.272625,21.8968750000119,"1250",,
98.549875,13.2263750000099,"1253",,
96.6371249999975,21.983875000012,"1254",,
97.1823749999982,23.4948750000118,"1255",,
96.2796249999978,26.7196250000105,"1256",,
95.4721249999967,24.2641250000115,"1263",,
92.6981249999931,21.4346250000117,"1264",Tree_cover_rotation_partial,
96.6773749999979,24.9936250000113,"1265",,
96.1226249999967,20.085625000012,"1274",,
99.621875,20.6416250000121,"1277",Tree_cover_gain_partial,
95.14337499999,16.6336250000113,"1278",,
98.255625,15.630125000011,"1282",Tree_cover_rotation,
98.1543749999988,14.4876250000105,"1284",,
94.5233749999954,22.6748750000118,"1285",,
95.9931249999971,23.6011250000117,"1291",,
95.4611249999961,21.292875000012,"1299",,
96.5591249999973,20.723125000012,"1301",Tree_cover_rotation,
94.9916249999953,19.6581250000119,"1307",,
98.735375,16.2548750000113,"1308",,
92.5036249999928,21.0458750000116,"1309",,
96.5733749999975,22.466375000012,"1312",,
93.1016249999935,21.2086250000117,"1316",,
97.3906249999983,21.7293750000121,"1324",,
94.3278749999945,19.3956250000118,"1326",Tree_cover_rotation,
96.7301249999977,23.0386250000119,"1328",,
95.1086249999956,20.6726250000119,"1331",,
98.529625,16.6748750000114,"1336",,
96.6103749999976,22.9936250000119,"1340",Tree_cover_rotation,
96.7738749999978,23.7051250000117,"1343",,
95.9546249999974,26.0226250000109,"1344",,
96.9416249999982,26.0043750000109,"1346",,
99.897375,22.027875000012,"1354",Tree_cover_loss_partial,
96.9451249999982,25.3771250000112,"1356",,
97.2871249999981,21.3453750000121,"1364",,
97.0531249999978,20.119625000012,"1365",,
96.457375,26.9216250000104,"1368",,
95.9478749999975,26.8938750000104,"1373",,
95.7261249999966,22.3126250000119,"1376",,
97.0946249999976,17.5988750000116,"1377",,
94.8741249999949,18.4358750000117,"1379",,
98.264375,15.6936250000111,"1384",,
96.7113749999972,18.7676250000119,"1388",,
97.329375,18.8826250000119,"1389",,
99.311125,20.3183750000121,"1396",Tree_cover_rotation,
99.359875,11.539875,"1399",,
94.7006249999946,17.6768750000115,"1401",Tree_cover_rotation,
94.8456249999957,22.7101250000118,"1402",Tree_cover_loss_partial,
98.515875,23.3126250000119,"1403",Tree_cover_loss,
97.3426249999986,25.856375000011,"1405",,
93.9271249999941,19.8048750000118,"1406",Tree_cover_rotation,Bad_data
94.7153749999949,19.2803750000118,"1408",Tree_cover_rotation,
94.609125,20.5981250000119,"1409",,
99.313875,22.815375000012,"1412",,
94.9821249999948,16.9216250000113,"1414",,
95.5421249999966,23.7446250000116,"1415",,
95.6393749999958,17.8098750000116,"1425",,
93.6966249999941,20.9286250000118,"1429",,
95.9828749999967,21.670875000012,"1430",,
99.004875,11.8598750000092,"1439",,
95.0031249999958,22.2693750000119,"1442",,
94.9986249999954,20.4441250000119,"1445",,
94.5781249999943,16.9643750000113,"1446",,
95.3608749999969,25.9563750000108,"1447",,
92.3841249999928,21.4286250000116,"1449",,
98.466875,20.4256250000121,"1450",,
95.2473749999956,19.4988750000119,"1454",,
96.9123749999982,26.0553750000109,"1457",,
96.7418749999979,24.6406250000115,"1458",,
96.2248749999972,22.8263750000119,"1462",,
96.6588749999979,25.4573750000112,"1465",,
95.9108749999966,21.526625000012,"1468",,
98.676875,22.9728750000119,"1469",,
95.6208749999971,26.1331250000108,"1472",Tree_cover_rotation,
94.3948749999948,20.5703750000119,"1475",,
95.9058749999962,18.4761250000118,"1478",,
100.714375,21.4571250000121,"1479",Tree_cover_rotation,
95.0691249999962,23.8218750000116,"1480",,
97.1891249999986,26.8611250000105,"1484",,
97.5766249999982,17.4443750000116,"1485",Tree_cover_rotation,
98.521125,19.8246250000121,"1501",,
98.0576249999987,15.2258750000109,"1502",Tree_cover_loss,
97.946375,28.1073750000098,"1503",,
97.0443749999982,24.7223750000114,"1506",,
96.7091249999972,18.3051250000118,"1507",,
95.9058749999971,24.3291250000115,"1512",,
98.525625,15.9721250000112,"1513",,
97.3131249999979,17.1748750000115,"1519",Tree_cover_gain,
94.7176249999948,18.8833750000118,"1523",,
94.7023749999947,18.2258750000116,"1524",,
95.9403749999973,25.4221250000111,"1526",,
99.521875,11.7313750000091,"1531",,
95.8111249999972,25.709375000011,"1532",,
95.7041249999958,17.1828750000115,"1538",,
95.9083749999974,26.2898750000107,"1539",,
98.451125,23.5056250000118,"1543",,
94.4628749999948,20.0651250000119,"1549",,
94.162875,22.6548750000117,"1550",Tree_cover_rotation,
95.629375,25.4426250000111,"1552",,
96.1018749999969,21.863125000012,"1553",,
94.2546249999948,21.3056250000119,"1555",,
96.8573749999976,21.0678750000121,"1558",,
97.9643749999986,15.3963750000109,"1560",,
95.0731249999951,17.7053750000116,"1568",,
98.102625,25.7106250000111,"1573",Tree_cover_rotation_partial,
96.2313749999966,18.4218750000118,"1576",Tree_cover_rotation,
93.3576249999936,20.5476250000118,"1580",,
97.4991249999982,19.116375000012,"1581",,
98.305125,14.5001250000106,"1583",,
94.7091249999948,18.8928750000118,"1594",,
96.700125,16.7058750000114,"1595",,
97.6916249999986,21.8766250000121,"1607",Tree_cover_rotation_partial,
94.0461249999948,22.2773750000118,"1609",Tree_cover_loss_partial,
93.4006249999936,20.3643750000118,"1610",,
96.4601249999973,22.074625000012,"1612",Tree_cover_loss,
95.0918749999961,23.2896250000117,"1619",,
96.5378749999977,24.6256250000115,"1620",,
100.644375,21.2271250000121,"1628",,
95.6738749999962,20.199625000012,"1629",,
96.6806249999976,22.4953750000119,"1630",Tree_cover_rotation_partial,
95.1866249999952,17.5141250000115,"1631",,
94.5598749999952,21.8413750000119,"1632",,
95.8701249999973,25.758375000011,"1634",,
97.345125,19.214875000012,"1635",,
94.2151249999953,23.7861250000115,"1636",,
98.1528749999988,14.5651250000106,"1637",,
97.0196249999978,20.7088750000121,"1642",,
97.7581249999989,25.1681250000113,"1643",,
97.755625,27.75412500001,"1644",,
98.218625,22.186375000012,"1651",,
96.7116249999973,19.504875000012,"1652",,
98.628125,26.8363750000106,"1654",,
96.7001249999981,26.7626250000105,"1659",,
96.5198749999979,25.788875000011,"1662",,
98.545875,20.5213750000121,"1663",,
97.6751249999983,16.6368750000114,"1664",,
95.9003749999962,18.4491250000118,"1666",,
94.3581249999948,20.7636250000119,"1667",,
94.8336249999949,18.4238750000117,"1669",Tree_cover_gain_partial,
98.417625,14.0328750000103,"1671",,
99.607625,21.6986250000121,"1672",Tree_cover_rotation,
97.0426249999978,20.8563750000121,"1673",,
98.567875,10.7051250000085,"1675",,
95.2251249999951,16.8718750000113,"1684",,
94.2816249999947,20.7453750000119,"1687",,
99.304875,22.535375000012,"1689",Tree_cover_rotation,
95.4378749999955,17.8023750000116,"1692",,
96.6426249999972,19.684625000012,"1694",,
98.139875,23.1518750000119,"1695",,
97.5401249999986,24.3906250000116,"1697",,
94.24087499999,22.1741250000118,"1705",,
99.410375,11.480375,"1707",,
95.0313749999962,23.8808750000115,"1708",,
99.451125,22.1133750000121,"1709",Tree_cover_rotation_partial,
99.376625,21.6521250000121,"1710",,
94.9946249999952,19.2731250000118,"1716",Tree_cover_rotation,
94.9111249999948,17.5641250000115,"1718",,
98.489875,26.8768750000106,"1719",,
98.1291249999988,14.3071250000105,"1723",Tree_cover_gain_partial,
95.4286249999954,16.7448750000113,"1724",,
94.9198749999953,20.2843750000119,"1726",,
98.420875,21.7413750000121,"1731",,
98.152625,22.406375000012,"1741",Tree_cover_rotation,
98.281125,22.247375000012,"1743",,
100.488125,21.1971250000121,"1752",,
94.30937499999,21.7931250000118,"1759",,
94.2721249999949,21.5826250000118,"1760",,
93.6461249999942,21.6316250000118,"1761",,
96.6393749999977,23.3231250000118,"1775",,
94.1461249999951,22.9491250000117,"1778",,
95.2668749999959,21.093375000012,"1779",,
94.1433749999942,19.1176250000117,"1782",,
96.5126249999976,24.3303750000116,"1786",,
97.3441249999983,23.1631250000119,"1787",,
96.8448749999976,20.6316250000121,"1788",Tree_cover_gain_partial,
95.6888749999961,19.6211250000119,"1790",Tree_cover_rotation_partial,
96.0516249999966,20.028875000012,"1792",,
97.4468749999986,25.3578750000112,"1793",,
94.4896249999954,22.9271250000117,"1796",,
95.7746249999972,25.701875000011,"1798",,
100.024625,21.0001250000121,"1800",,
96.2793749999968,19.2306250000119,"1801",,
92.6296249999931,21.4561250000116,"1806",,
96.9396249999975,19.1036250000119,"1811",,Bad_data
94.791375,24.1026250000115,"1812",,
94.7051249999953,21.3748750000119,"1813",,
96.0416249999973,25.1503750000112,"1815",,
95.8903749999961,17.3478750000115,"1819",,
93.5473749999941,21.6781250000117,"1824",,
94.9638749999948,16.8938750000113,"1828",,
94.6398749999944,17.3163750000114,"1831",Tree_cover_rotation,
98.052375,27.6588750000101,"1836",,
96.6416249999981,26.9676250000104,"1837",,
99.046125,13.2273750000099,"1844",,
95.8943749999974,26.2878750000107,"1845",,
96.0236249999968,21.445125000012,"1850",,
93.7056249999947,23.4173750000115,"1854",,
95.5563749999964,22.5873750000119,"1857",,
98.299125,20.4943750000121,"1858",,
98.405125,27.1361250000104,"1859",Tree_cover_rotation,Bad_data
98.581125,23.5146250000118,"1864",Tree_cover_rotation,
94.3941249999953,22.9776250000117,"1866",,
95.680375,19.2181250000119,"1869",,
95.5018749999958,18.7928750000118,"1874",,
98.460875,22.503625000012,"1875",,
96.9956249999982,25.1956250000113,"1876",,
98.539125,16.1113750000112,"1877",,
97.9648749999987,17.1201250000115,"1885",,
96.082625,22.7716250000119,"1886",,
96.736375,25.2256250000113,"1889",Tree_cover_rotation,
94.5733749999946,18.6303750000117,"1890",,
98.554125,23.1618750000119,"1893",,
96.7978749999981,25.736125000011,"1897",,
98.807875,20.0751250000121,"1901",,Bad_data
96.6403749999975,22.412125000012,"1903",Tree_cover_rotation_partial,
95.7106249999965,22.1938750000119,"1906",,
98.077375,21.8096250000121,"1907",,
94.2633749999944,19.5641250000118,"1909",Tree_cover_rotation,
96.1516249999963,16.5286250000113,"1910",,
98.192875,27.79812500001,"1912",,
98.758375,22.517625000012,"1913",Tree_cover_gain,
98.0541249999989,20.5751250000121,"1916",,
96.3263749999976,25.4666250000111,"1919",Tree_cover_rotation_partial,
99.261625,22.749625000012,"1920",Tree_cover_rotation,
93.5561249999938,20.5693750000118,"1921",Tree_cover_rotation,
96.9688749999981,23.9236250000117,"1923",Tree_cover_rotation,
96.1436249999974,24.7083750000114,"1925",,
94.9983749999947,15.913375000011,"1927",Tree_cover_loss,
93.5528749999946,23.4141250000115,"1930",,
94.7031249999961,24.8621250000112,"1932",,
95.2758749999957,20.1508750000119,"1936",,
94.0956249999941,19.2028750000117,"1939",,
95.7076249999969,24.5856250000114,"1943",,
97.855125,26.6441250000107,"1950",Tree_cover_rotation,
96.7563749999973,19.2311250000119,"1953",Tree_cover_rotation,
98.890125,12.9221250000098,"1956",,
94.7663749999951,19.8123750000119,"1957",,
96.8106249999974,18.8406250000119,"1967",,
99.176125,21.7821250000121,"1968",,
98.540375,27.6166250000101,"1969",,
98.743125,11.0831250000087,"1970",Tree_cover_rotation,
96.8576249999974,19.2146250000119,"1972",Tree_cover_rotation,
95.2201249999954,18.5508750000117,"1973",,
95.5073749999959,19.4833750000119,"1975",,
95.5366249999963,21.721125000012,"1976",,
94.1371249999947,21.2946250000118,"1979",,
96.0488749999962,17.1678750000115,"1983",,
95.2053749999959,21.6716250000119,"1985",,
96.1508749999963,16.6481250000113,"1987",,
98.273625,22.240375000012,"1988",,
98.890875,11.4631250000089,"1992",,
95.3901249999955,17.7233750000116,"1993",,
94.5716249999955,22.9946250000117,"1996",,
96.7016249999978,24.0581250000116,"2002",Tree_cover_loss,
96.0973749999964,18.3663750000118,"2003",Tree_cover_rotation_partial,
98.507125,27.2288750000103,"2004",,
98.783875,23.2251250000119,"2007",,
93.6018749999939,20.7783750000118,"2010",,
94.6436249999951,20.6098750000119,"2011",,
96.792125,25.4213750000112,"2016",,
94.6931249999951,20.4421250000119,"2018",,
97.1751249999984,25.0958750000113,"2028",,
94.9338749999953,20.0381250000119,"2030",,
96.1763749999972,23.1651250000118,"2036",,
96.1866249999973,24.3188750000115,"2037",,
95.5001249999965,23.2888750000117,"2038",,
95.684625,25.3288750000111,"2039",,
100.509125,21.0008750000121,"2041",,
94.8601249999961,24.3746250000114,"2043",,
98.459125,16.3723750000113,"2044",Tree_cover_rotation_partial,
96.6826249999973,19.645125000012,"2045",Tree_cover_rotation,
96.3373749999975,24.0893750000116,"2048",,
98.201375,22.917875000012,"2051",Tree_cover_rotation,Bad_data
95.1041249999951,17.4873750000115,"2056",,
98.548625,10.3013750000082,"2058",,
96.3001249999976,25.2696250000112,"2059",,
95.2153749999955,19.2631250000119,"2064",,
96.462875,27.1331250000103,"2065",,
97.5998749999985,21.2143750000121,"2074",Tree_cover_rotation_partial,
98.917375,16.3236250000113,"2075",,
96.2186249999975,25.2308750000112,"2076",,
96.643125,26.0503750000109,"2080",,
95.5121249999972,26.7613750000104,"2081",,
97.5181249999981,16.5556250000114,"2082",,
94.1508749999946,21.1011250000118,"2084",,
94.6498749999951,20.7636250000119,"2085",,
93.7753749999948,23.5088750000115,"2086",,
98.388875,15.3203750000109,"2088",Tree_cover_rotation,
98.231125,20.1706250000121,"2089",,
98.880125,21.2758750000121,"2092",,
97.8586249999985,15.2091250000109,"2095",Tree_cover_gain,
95.8968749999961,17.4166250000115,"2101",,
98.339625,17.0258750000115,"2103",,
95.1171249999959,22.3033750000119,"2106",,
95.3821249999953,16.3088750000112,"2108",,
97.7223749999986,21.5298750000121,"2113",,
95.9318749999965,20.153625000012,"2114",,
95.4971249999967,24.2688750000115,"2115",,
94.1886249999947,21.2373750000119,"2119",,
99.086875,20.1018750000121,"2126",,
94.988875,23.5386250000116,"2127",Tree_cover_loss_partial,
96.1018749999965,18.7503750000118,"2130",Tree_cover_gain_partial,
96.7716249999974,19.354125000012,"2131",Tree_cover_rotation,
94.6476249999953,21.8071250000119,"2136",,
94.8358749999956,22.0066250000119,"2143",,
97.8171249999986,20.2346250000121,"2146",,
98.1593749999989,15.8986250000111,"2150",Tree_cover_gain,
97.6438749999987,23.7603750000118,"2152",Tree_cover_rotation_partial,
96.4846249999973,21.885125000012,"2154",,
98.792125,14.0601250000104,"2155",,
97.324125,19.1338750000119,"2158",Tree_cover_loss,
96.7788749999979,23.9273750000117,"2165",,
95.4506249999964,22.6646250000118,"2168",,
94.4751249999953,22.7086250000117,"2171",,
98.311625,25.937375000011,"2172",Tree_cover_rotation,
96.1416249999976,26.0423750000109,"2173",,
100.444625,20.8416250000121,"2178",Tree_cover_rotation,
96.966625,23.6443750000118,"2179",,
97.7918749999986,19.236625000012,"2182",,
96.7481249999971,16.8663750000114,"2185",,
96.8776249999975,19.838375000012,"2187",,
96.4941249999971,19.549625000012,"2192",,
98.0858749999988,15.482875000011,"2194",Tree_cover_rotation,
96.1616249999969,21.766625000012,"2196",,
98.968625,21.3728750000121,"2197",,
93.0091249999933,20.9968750000117,"2200",,
95.6881249999971,25.3746250000111,"2202",,
97.9168749999989,22.218875000012,"2204",Tree_cover_loss,
93.6863749999942,21.5036250000118,"2205",Tree_cover_rotation_partial,
98.326125,20.5703750000121,"2207",,
96.0833749999968,21.378375000012,"2208",,
97.9393749999989,22.096375000012,"2209",,
96.5523749999976,23.9461250000117,"2210",,
94.4308749999953,22.7466250000117,"2213",,
98.0613749999987,14.4741250000105,"2217",,
96.3676249999979,26.7761250000105,"2221",,
96.1283749999976,26.4283750000107,"2222",,
97.5641249999985,22.698875000012,"2227",,
96.145375,22.4726250000119,"2234",Tree_cover_rotation_partial,
97.1718749999986,27.1506250000104,"2237",,
96.4028749999967,16.8698750000114,"2241",,
93.61412499999,20.8923750000118,"2243",Tree_cover_rotation,
94.6976249999952,20.7733750000119,"2244",,
96.2736249999972,22.8333750000119,"2247",Tree_cover_rotation,
96.8006249999979,24.1946250000116,"2250",,
98.492375,27.5561250000102,"2254",,
97.7508749999985,19.654375000012,"2260",,
97.1976249999986,26.9506250000105,"2262",,
98.171375,20.8773750000121,"2267",Tree_cover_loss,
96.6286249999971,18.0338750000117,"2274",,
98.0206249999987,14.5363750000106,"2276",,
96.3251249999968,19.2183750000119,"2284",,
95.4183749999963,22.7928750000118,"2285",,
93.6073749999938,20.0333750000118,"2286",,
97.9896249999987,15.646125000011,"2291",,
94.3291249999949,21.6651250000118,"2300",,
94.9701249999949,17.6188750000115,"2301",Tree_cover_rotation,
96.1521249999966,19.3003750000119,"2303",Tree_cover_rotation,
93.6331249999943,21.9293750000117,"2305",Tree_cover_rotation,
95.6766249999965,22.0308750000119,"2311",,
97.3623749999986,26.3048750000108,"2316",,
95.7421249999957,16.4396250000112,"2317",,
97.5498749999987,25.1326250000113,"2321",Tree_cover_gain,
95.1281249999949,16.0791250000111,"2325",,
95.947125,16.3866250000112,"2326",,
97.0358749999982,24.6588750000115,"2327",,
98.096125,23.4533750000118,"2330",,
97.2806249999987,27.6523750000101,"2335",,
95.4453749999955,17.1161250000114,"2337",,
95.2066249999964,24.4683750000114,"2338",,
95.2233749999951,16.5691250000113,"2341",,
96.7908749999978,23.4213750000118,"2350",,
95.8953749999967,21.849375000012,"2352",,
96.9478749999978,21.4413750000121,"2357",,
97.763375,27.5153750000102,"2361",,
94.7948749999949,18.7606250000117,"2363",,
98.605125,10.7298750000085,"2364",,
100.698375,21.2281250000121,"2366",,
96.453125,19.882875000012,"2368",,
95.2048749999964,24.4283750000114,"2370",,
94.9748749999958,22.3051250000118,"2388",,
100.942625,21.5481250000121,"2389",,
94.6636249999946,18.2451250000116,"2390",,
96.3813749999976,25.0063750000113,"2394",,
98.650875,25.8258750000111,"2401",,
96.0511249999974,25.4428750000111,"2403",,
95.8823749999959,16.3656250000112,"2404",,
94.8428749999962,25.0356250000112,"2406",,
97.6258749999989,27.3806250000102,"2411",,
94.1748749999943,19.6723750000118,"2416",Tree_cover_rotation,
95.2936249999961,22.3923750000119,"2420",,
96.9933749999978,20.7951250000121,"2426",Tree_cover_gain,
93.4406249999938,20.7928750000118,"2431",Tree_cover_rotation,
93.9828749999948,22.5496250000117,"2432",,
95.4571249999955,17.1686250000114,"2438",,
94.8138749999949,18.6071250000117,"2439",,
96.5251249999974,22.5378750000119,"2441",,
92.6288749999928,20.7306250000117,"2442",Tree_cover_gain,
98.467125,23.5626250000118,"2443",Tree_cover_rotation,
99.673375,20.3868750000121,"2444",,
95.7773749999964,20.772875000012,"2445",,
97.839125,26.5221250000107,"2448",Tree_cover_rotation,
98.461125,26.8981250000105,"2449",,Bad_data
96.8976249999976,20.7091250000121,"2457",,
99.266375,22.366625000012,"2461",Tree_cover_gain,
96.2963749999978,26.5278750000106,"2463",,
94.3686249999951,22.1796250000118,"2473",,
93.89687499999,23.6403750000115,"2478",,
98.431625,20.7803750000121,"2483",,
96.2933749999967,18.9798750000119,"2488",,
97.6888749999985,20.4608750000121,"2489",,
96.007125,22.9423750000118,"2491",,
95.4018749999958,20.0311250000119,"2501",,
97.4343749999983,21.1783750000121,"2502",,
93.7171249999944,21.9711250000117,"2504",,
97.982125,23.2013750000119,"2512",,
97.928125,27.0433750000104,"2513",,
93.8881249999944,21.2498750000118,"2514",,
94.9596249999963,24.9213750000112,"2524",Tree_cover_loss,
97.0851249999983,25.5761250000111,"2526",,
94.0368749999947,22.0683750000118,"2528",,
98.226875,16.9193750000115,"2536",,
96.2561249999976,25.713375000011,"2543",,
93.6281249999942,21.7583750000118,"2544",Tree_cover_rotation,
94.6088749999942,16.4308750000112,"2548",,
98.492875,21.5283750000121,"2549",,
97.3928749999984,23.4021250000118,"2550",Tree_cover_loss,
95.5971249999957,17.8758750000116,"2552",,
95.6243749999959,18.8498750000118,"2554",,
92.9111249999933,21.3738750000117,"2562",Tree_cover_rotation,
94.4726249999954,23.0963750000117,"2563",,
93.82537499999,19.8973750000118,"2570",Tree_cover_rotation_partial,
95.884125,23.7328750000117,"2571",,
98.884625,12.4511250000095,"2575",,
96.0236249999973,24.7653750000114,"2576",,
97.7701249999989,25.6623750000111,"2591",,
98.535625,15.416625000011,"2593",,
99.129125,12.1543750000094,"2605",Tree_cover_rotation_partial,
98.248625,15.3176250000109,"2610",,
93.3743749999941,22.2781250000117,"2611",,
96.2866249999969,20.634875000012,"2613",,
98.118625,22.1176250000121,"2617",,
98.598375,20.9418750000121,"2624",,
94.0488749999944,20.5653750000118,"2625",,
94.5451249999948,19.6603750000118,"2626",Tree_cover_loss_partial,
94.9336249999963,25.1273750000111,"2630",,
96.0418749999974,25.826375000011,"2633",,
95.2701249999962,22.8928750000118,"2634",,
100.032625,20.9408750000121,"2636",Tree_cover_rotation_partial,
94.03812499999,18.9473750000117,"2638",,
99.124875,20.3838750000121,"2640",,
95.5061249999969,25.1943750000112,"2643",,
94.5158749999949,20.4523750000119,"2648",,
94.7118749999958,23.5543750000116,"2649",,
96.4038749999967,17.3446250000115,"2657",,
95.2586249999956,19.7368750000119,"2662",,
92.7771249999931,21.1068750000117,"2668",,
96.2856249999972,22.5351250000119,"2673",,
94.5388749999951,21.5471250000119,"2676",,
96.7986249999981,25.4308750000112,"2683",Tree_cover_rotation_partial,
96.509625,26.4953750000107,"2685",,
99.313875,21.3621250000121,"2686",Tree_cover_loss_partial,
96.0666249999967,20.417375000012,"2687",,
96.2251249999974,24.3793750000115,"2690",Tree_cover_loss,
97.4638749999984,21.8496250000121,"2692",Tree_cover_loss_partial,
95.5198749999955,16.8086250000113,"2697",,
95.2748749999955,19.1561250000118,"2698",,
97.6481249999984,19.113875000012,"2702",,
97.032625,23.4846250000118,"2704",,
98.2671249999989,11.504125,"2707",,
96.1916249999965,17.5748750000116,"2709",,
96.9886249999979,22.239625000012,"2712",,
94.2888749999949,21.8251250000118,"2713",Tree_cover_gain_partial,
99.033125,23.1003750000119,"2714",Tree_cover_rotation,
98.355625,13.8238750000102,"2716",,
95.3056249999959,21.032875000012,"2718",,
96.2161249999975,24.9506250000113,"2721",,
97.0488749999982,24.6801250000115,"2723",,
95.5398749999959,19.5086250000119,"2725",,
98.330625,23.6333750000118,"2726",Tree_cover_loss,
97.3778749999987,27.1691250000104,"2727",,
94.5518749999957,24.0701250000114,"2728",,
98.0308749999989,20.6511250000121,"2733",,
96.6233749999972,19.622875000012,"2739",,
96.3603749999978,26.3748750000107,"2740",,
99.219375,12.1458750000094,"2741",,
94.7108749999956,22.9233750000117,"2746",,
95.4588749999953,15.841375000011,"2747",,
98.575125,15.492625000011,"2750",,
95.403375,20.988125000012,"2752",,
95.4793749999959,19.8846250000119,"2753",,
97.855875,28.2741250000097,"2755",,
97.5183749999984,21.9663750000121,"2756",Tree_cover_rotation,
94.6168749999956,23.3306250000116,"2759",,
95.699375,25.2628750000112,"2762",,
96.0396249999974,25.3063750000112,"2763",Tree_cover_rotation_partial,
95.7383749999961,19.2686250000119,"2764",,
94.8276249999961,24.5248750000113,"2769",Tree_cover_rotation_partial,
96.7861249999977,22.207125000012,"2771",,
97.8403749999987,20.2908750000121,"2773",,
95.9553749999965,20.022375000012,"2778",,
97.3293749999986,26.0566250000109,"2782",,
96.4903749999976,24.2198750000116,"2785",,
94.1721249999944,19.9523750000118,"2790",Tree_cover_rotation,
93.6721249999941,21.0091250000118,"2795",Tree_cover_rotation,
94.927375,23.7681250000116,"2798",,
96.5791249999973,21.076125000012,"2799",Tree_cover_rotation,
95.7081249999958,17.5263750000116,"2803",,
98.809375,21.4108750000121,"2804",Tree_cover_loss_partial,
97.5291249999989,27.76962500001,"2805",,
95.0168749999954,20.2196250000119,"2806",,
97.2906249999981,20.8851250000121,"2807",,
95.6951249999956,16.1761250000111,"2810",,
97.6446249999982,16.1396250000112,"2816",,
95.3711249999953,17.1036250000114,"2818",,
94.2648749999954,23.6611250000115,"2820",,
95.1338749999956,20.5748750000119,"2825",,
96.6341249999975,22.244125000012,"2828",,
95.4998749999962,21.318625000012,"2830",,
95.6551249999956,16.2298750000112,"2834",,
97.839625,25.6796250000111,"2835",,
97.1543749999979,20.3013750000121,"2837",,
98.388375,23.6893750000118,"2841",,
95.7183749999969,24.3858750000115,"2842",,
94.6953749999955,22.4001250000118,"2843",,
97.6013749999982,16.6256250000114,"2844",,
95.0703749999958,21.7683750000119,"2846",,
96.2913749999972,22.6531250000119,"2847",,
96.9868749999983,26.5658750000107,"2848",,
95.2561249999952,16.9251250000114,"2850",,
97.9528749999988,20.9858750000121,"2862",,
100.493875,21.1688750000121,"2863",,
94.3508749999945,19.3803750000118,"2865",Tree_cover_rotation,
97.5628749999986,23.3568750000118,"2866",,
94.9301249999957,22.2381250000119,"2868",,
94.7303749999945,16.6781250000112,"2870",,
93.8438749999947,22.6178750000117,"2871",,
96.8023749999972,16.8111250000114,"2873",,
100.077875,21.5483750000121,"2874",Tree_cover_rotation,
97.203375,20.7651250000121,"2875",,
96.0546249999964,18.7538750000118,"2876",,
95.7103749999971,25.3443750000111,"2878",Tree_cover_rotation_partial,
98.683125,21.0023750000121,"2882",,
93.0506249999935,21.4476250000117,"2885",Tree_cover_rotation,Bad_data
95.5798749999971,25.9631250000109,"2887",,
99.141125,22.285875000012,"2888",Tree_cover_loss,
93.5166249999945,23.2546250000115,"2890",,
99.121625,13.6938750000102,"2891",,
97.6286249999987,24.4311250000116,"2892",Tree_cover_loss,
94.0506249999947,21.7443750000118,"2894",,
97.2248749999983,24.6391250000115,"2902",,
95.820875,24.4103750000115,"2904",,
95.9806249999969,22.6398750000119,"2907",,
96.6328749999979,25.4778750000111,"2909",,
93.8706249999949,23.3116250000115,"2912",Tree_cover_loss,
94.6173749999959,24.5451250000113,"2913",,
98.730125,22.820625000012,"2916",Tree_cover_gain_partial,
93.7868749999945,22.1483750000117,"2917",,
99.096375,11.573875,"2929",Tree_cover_loss,
93.3856249999946,24.0153750000113,"2930",,
95.2278749999953,17.7031250000116,"2935",,
98.480375,21.7618750000121,"2938",,
95.2816249999958,20.767375000012,"2942",,
97.4073749999981,18.7681250000119,"2943",Tree_cover_loss_partial,
98.823375,21.3453750000121,"2947",,
98.897625,12.4031250000095,"2949",,
96.846125,24.8283750000114,"2953",,
98.143375,21.3323750000121,"2954",,
97.0106249999976,18.9756250000119,"2957",Tree_cover_rotation,
98.283875,20.6871250000121,"2960",,
95.043375,22.8211250000118,"2963",,
97.6488749999988,25.6608750000111,"2964",,
94.9631249999961,23.8236250000116,"2970",,
96.9491249999978,21.861125000012,"2976",,
95.4483749999968,25.1373750000112,"2979",,
94.4533749999954,23.0963750000117,"2980",,
94.9138749999949,18.2108750000117,"2983",Tree_cover_rotation,
98.573875,26.7106250000106,"2986",Tree_cover_rotation_partial,
97.4341249999988,27.5823750000101,"2988",,
95.2228749999951,16.6178750000113,"2990",,
99.274125,11.607125,"2992",,
94.0046249999942,19.9283750000118,"2994",Tree_cover_rotation,
95.3036249999962,22.9163750000118,"2997",,
